package,repo,release_tag,period_start,period_end,period_year,zip_downloads_delta
BEAST.base,CompEvol/beast2,v2.7.8,2026-01-23_13-16-50,2026-05-05_14-29-18,2026,2223
BEAST.base,CompEvol/beast2,v2.7.8,2026-01-23_13-16-50,2026-05-05_14-29-18,2026,2165
BEAST.base,CompEvol/beast2,v2.7.7,2026-01-23_13-16-50,2026-05-05_14-29-18,2026,22
BEAST.base,CompEvol/beast2,v2.7.7,2026-01-23_13-16-50,2026-05-05_14-29-18,2026,24
BEAST.base,CompEvol/beast2,v2.7.7,2026-01-23_13-16-50,2026-05-05_14-29-18,2026,2806
BEAST.base,CompEvol/beast2,v2.7.6,2026-01-23_13-16-50,2026-05-05_14-29-18,2026,6
BEAST.base,CompEvol/beast2,v2.7.6,2026-01-23_13-16-50,2026-05-05_14-29-18,2026,7
BEAST.base,CompEvol/beast2,v2.7.6,2026-01-23_13-16-50,2026-05-05_14-29-18,2026,26
BEAST.base,CompEvol/beast2,v2.7.5,2026-01-23_13-16-50,2026-05-05_14-29-18,2026,2
BEAST.base,CompEvol/beast2,v2.7.5,2026-01-23_13-16-50,2026-05-05_14-29-18,2026,3
BEAST.base,CompEvol/beast2,v2.7.5,2026-01-23_13-16-50,2026-05-05_14-29-18,2026,8
BEAST.base,CompEvol/beast2,v2.7.4,2026-01-23_13-16-50,2026-05-05_14-29-18,2026,6
BEAST.base,CompEvol/beast2,v2.7.4,2026-01-23_13-16-50,2026-05-05_14-29-18,2026,7
BEAST.base,CompEvol/beast2,v2.7.4,2026-01-23_13-16-50,2026-05-05_14-29-18,2026,8
BEAST.base,CompEvol/beast2,v2.7.3,2026-01-23_13-16-50,2026-05-05_14-29-18,2026,15
BEAST.base,CompEvol/beast2,v2.7.3,2026-01-23_13-16-50,2026-05-05_14-29-18,2026,17
BEAST.base,CompEvol/beast2,v2.7.3,2026-01-23_13-16-50,2026-05-05_14-29-18,2026,21
BEAST.base,CompEvol/beast2,2.7.2,2026-01-23_13-16-50,2026-05-05_14-29-18,2026,1
BEAST.base,CompEvol/beast2,v2.7.1,2026-01-23_13-16-50,2026-05-05_14-29-18,2026,3
BEAST.base,CompEvol/beast2,v2.7.0,2026-01-23_13-16-50,2026-05-05_14-29-18,2026,3
BEAST.base,CompEvol/beast2,v2.6.7,2026-01-23_13-16-50,2026-05-05_14-29-18,2026,3
BEAST.base,CompEvol/beast2,v2.6.7,2026-01-23_13-16-50,2026-05-05_14-29-18,2026,41
BEAST.base,CompEvol/beast2,v2.6.7,2026-01-23_13-16-50,2026-05-05_14-29-18,2026,15
BEAST.base,CompEvol/beast2,v2.6.6,2026-01-23_13-16-50,2026-05-05_14-29-18,2026,6
BEAST.base,CompEvol/beast2,v2.6.6,2026-01-23_13-16-50,2026-05-05_14-29-18,2026,1
BEAST.base,CompEvol/beast2,v2.6.4,2026-01-23_13-16-50,2026-05-05_14-29-18,2026,7
BEAST.base,CompEvol/beast2,v2.6.4,2026-01-23_13-16-50,2026-05-05_14-29-18,2026,1
BEAST.base,CompEvol/beast2,v2.6.3,2026-01-23_13-16-50,2026-05-05_14-29-18,2026,2
BEAST.base,CompEvol/beast2,v2.6.3,2026-01-23_13-16-50,2026-05-05_14-29-18,2026,23
BEAST.base,CompEvol/beast2,v2.6.3,2026-01-23_13-16-50,2026-05-05_14-29-18,2026,8
BEAST.base,CompEvol/beast2,v2.6.2,2026-01-23_13-16-50,2026-05-05_14-29-18,2026,3
BEAST.base,CompEvol/beast2,v2.6.2,2026-01-23_13-16-50,2026-05-05_14-29-18,2026,1
BEAST.base,CompEvol/beast2,v2.6.1,2026-01-23_13-16-50,2026-05-05_14-29-18,2026,1
BEAST.base,CompEvol/beast2,v2.6.0,2026-01-23_13-16-50,2026-05-05_14-29-18,2026,18
BEAST.base,CompEvol/beast2,v2.6.0,2026-01-23_13-16-50,2026-05-05_14-29-18,2026,1
BEAST.base,CompEvol/beast2,v2.5.2,2026-01-23_13-16-50,2026-05-05_14-29-18,2026,6
BEAST.base,CompEvol/beast2,v2.5.2,2026-01-23_13-16-50,2026-05-05_14-29-18,2026,4
BEAST.base,CompEvol/beast2,v2.5.1,2026-01-23_13-16-50,2026-05-05_14-29-18,2026,2
BEAST.base,CompEvol/beast2,v2.5.1,2026-01-23_13-16-50,2026-05-05_14-29-18,2026,3
BEAST.base,CompEvol/beast2,v2.5.0,2026-01-23_13-16-50,2026-05-05_14-29-18,2026,1
BEAST.base,CompEvol/beast2,v2.4.8,2026-01-23_13-16-50,2026-05-05_14-29-18,2026,3
BEAST.base,CompEvol/beast2,v2.4.8,2026-01-23_13-16-50,2026-05-05_14-29-18,2026,6
BEAST.base,CompEvol/beast2,v2.4.8,2026-01-23_13-16-50,2026-05-05_14-29-18,2026,2
BEAST.base,CompEvol/beast2,v2.4.7,2026-01-23_13-16-50,2026-05-05_14-29-18,2026,1
BEAST.base,CompEvol/beast2,v2.4.5,2026-01-23_13-16-50,2026-05-05_14-29-18,2026,2
BEAST.base,CompEvol/beast2,v2.4.4,2026-01-23_13-16-50,2026-05-05_14-29-18,2026,1
BEAST.base,CompEvol/beast2,v2.4.0,2026-01-23_13-16-50,2026-05-05_14-29-18,2026,4
BEAST.base,CompEvol/beast2,v2.3.2,2026-01-23_13-16-50,2026-05-05_14-29-18,2026,2
BEAST.base,CompEvol/beast2,V2.2.0,2026-01-23_13-16-50,2026-05-05_14-29-18,2026,2
BEAST.base,CompEvol/beast2,v2.1.0,2026-01-23_13-16-50,2026-05-05_14-29-18,2026,1
BEASTLabs,BEAST2-Dev/BEASTLabs,v2.1.0-beta1,2026-01-23_13-16-50,2026-05-05_14-29-18,2026,2
BEASTLabs,BEAST2-Dev/BEASTLabs,v2.0.0,2026-01-23_13-16-50,2026-05-05_14-29-18,2026,30
BEASTLabs,BEAST2-Dev/BEASTLabs,v2.0.0,2026-01-23_13-16-50,2026-05-05_14-29-18,2026,1
BEASTLabs,BEAST2-Dev/BEASTLabs,v2.0.0,2026-01-23_13-16-50,2026-05-05_14-29-18,2026,7
BEASTLabs,BEAST2-Dev/BEASTLabs,v2.0.0,2026-01-23_13-16-50,2026-05-05_14-29-18,2026,2218
BEASTLabs,BEAST2-Dev/BEASTLabs,v1.9.0,2026-01-23_13-16-50,2026-05-05_14-29-18,2026,1
BEASTLabs,BEAST2-Dev/BEASTLabs,v1.9.0,2026-01-23_13-16-50,2026-05-05_14-29-18,2026,1
BEASTLabs,BEAST2-Dev/BEASTLabs,v1.9.0,2026-01-23_13-16-50,2026-05-05_14-29-18,2026,5
BEASTLabs,BEAST2-Dev/BEASTLabs,v1.8.0,2026-01-23_13-16-50,2026-05-05_14-29-18,2026,6
BEASTLabs,BEAST2-Dev/BEASTLabs,v1.7.0,2026-01-23_13-16-50,2026-05-05_14-29-18,2026,6
BEASTLabs,BEAST2-Dev/BEASTLabs,v1.5.0,2026-01-23_13-16-50,2026-05-05_14-29-18,2026,1
BEASTLabs,BEAST2-Dev/BEASTLabs,v1.5.0,2026-01-23_13-16-50,2026-05-05_14-29-18,2026,1
BEASTLabs,BEAST2-Dev/BEASTLabs,v1.4.0,2026-01-23_13-16-50,2026-05-05_14-29-18,2026,1
BEASTLabs,BEAST2-Dev/BEASTLabs,v1.3.0,2026-01-23_13-16-50,2026-05-05_14-29-18,2026,4
bModelTest,BEAST2-Dev/bModelTest,v1.3.3,2026-01-23_13-16-50,2026-05-05_14-29-18,2026,319
bModelTest,BEAST2-Dev/bModelTest,v1.1.0,2026-01-23_13-16-50,2026-05-05_14-29-18,2026,4
bModelTest,BEAST2-Dev/bModelTest,v1.0.0,2026-01-23_13-16-50,2026-05-05_14-29-18,2026,1
OBAMA,rbouckaert/obama,v.1.1.1,2026-01-23_13-16-50,2026-05-05_14-29-18,2026,42
OBAMA,rbouckaert/obama,v0.2.0,2026-01-23_13-16-50,2026-05-05_14-29-18,2026,4
BICEPS,rbouckaert/biceps,v1.1.2,2026-01-23_13-16-50,2026-05-05_14-29-18,2026,118
ORC,jordandouglas/ORC,v1.3.0,2026-01-23_13-16-50,2026-05-05_14-29-18,2026,16
ORC,jordandouglas/ORC,v1.2.1,2026-01-23_13-16-50,2026-05-05_14-29-18,2026,1951
ORC,jordandouglas/ORC,v1.2.0,2026-01-23_13-16-50,2026-05-05_14-29-18,2026,4
ORC,jordandouglas/ORC,v1.1.2,2026-01-23_13-16-50,2026-05-05_14-29-18,2026,1
ORC,jordandouglas/ORC,v1.1.1,2026-01-23_13-16-50,2026-05-05_14-29-18,2026,1
ORC,jordandouglas/ORC,v1.1.0,2026-01-23_13-16-50,2026-05-05_14-29-18,2026,3
speedemon,rbouckaert/speedemon,publish,2026-01-23_13-16-50,2026-05-05_14-29-18,2026,94
gammaspike,jordandouglas/GammaSpikeModel,v1.3.0,2026-01-23_13-16-50,2026-05-05_14-29-18,2026,2
gammaspike,jordandouglas/GammaSpikeModel,v1.2.0,2026-01-23_13-16-50,2026-05-05_14-29-18,2026,63
gammaspike,jordandouglas/GammaSpikeModel,v1.1.0,2026-01-23_13-16-50,2026-05-05_14-29-18,2026,1
resub,jordandouglas/resub,v1.0.0,2026-01-23_13-16-50,2026-05-05_14-29-18,2026,26
contraband,fkmendes/contraband,v1.0.2,2026-01-23_13-16-50,2026-05-05_14-29-18,2026,50
Babel,rbouckaert/Babel,v0.4.0,2026-01-23_13-16-50,2026-05-05_14-29-18,2026,55
BEAST_CLASSIC,BEAST2-Dev/beast-classic,v1.7.0-beta1,2026-01-23_13-16-50,2026-05-05_14-29-18,2026,1
BEAST_CLASSIC,BEAST2-Dev/beast-classic,v1.6.0,2026-01-23_13-16-50,2026-05-05_14-29-18,2026,26
BEAST_CLASSIC,BEAST2-Dev/beast-classic,v1.6.0,2026-01-23_13-16-50,2026-05-05_14-29-18,2026,2
BEAST_CLASSIC,BEAST2-Dev/beast-classic,v1.6.0,2026-01-23_13-16-50,2026-05-05_14-29-18,2026,1
BEAST_CLASSIC,BEAST2-Dev/beast-classic,v1.6.0,2026-01-23_13-16-50,2026-05-05_14-29-18,2026,6
BEAST_CLASSIC,BEAST2-Dev/beast-classic,v1.6.0,2026-01-23_13-16-50,2026-05-05_14-29-18,2026,820
BEAST_CLASSIC,BEAST2-Dev/beast-classic,v1.5.0,2026-01-23_13-16-50,2026-05-05_14-29-18,2026,3
BEAST_CLASSIC,BEAST2-Dev/beast-classic,v1.4.0,2026-01-23_13-16-50,2026-05-05_14-29-18,2026,1
BEAST_CLASSIC,BEAST2-Dev/beast-classic,v1.3.0,2026-01-23_13-16-50,2026-05-05_14-29-18,2026,3
BEAST_CLASSIC,BEAST2-Dev/beast-classic,v1.2.0,2026-01-23_13-16-50,2026-05-05_14-29-18,2026,3
SNAPP,BEAST2-Dev/SNAPP,v1.6.0,2026-01-23_13-16-50,2026-05-05_14-29-18,2026,2
SNAPP,BEAST2-Dev/SNAPP,v1.6.0,2026-01-23_13-16-50,2026-05-05_14-29-18,2026,280
SNAPP,BEAST2-Dev/SNAPP,v1.4.0,2026-01-23_13-16-50,2026-05-05_14-29-18,2026,1
SNAPP,BEAST2-Dev/SNAPP,v1.3.0,2026-01-23_13-16-50,2026-05-05_14-29-18,2026,2
SNAPP,BEAST2-Dev/SNAPP,v1.2.0,2026-01-23_13-16-50,2026-05-05_14-29-18,2026,1
snapper,rbouckaert/snapper,v1.1.0,2026-01-23_13-16-50,2026-05-05_14-29-18,2026,4
snapper,rbouckaert/snapper,v1.1.0,2026-01-23_13-16-50,2026-05-05_14-29-18,2026,1
snapper,rbouckaert/snapper,v1.1.0,2026-01-23_13-16-50,2026-05-05_14-29-18,2026,2
snapper,rbouckaert/snapper,v1.1.0,2026-01-23_13-16-50,2026-05-05_14-29-18,2026,1
snapper,rbouckaert/snapper,v1.1.0,2026-01-23_13-16-50,2026-05-05_14-29-18,2026,198
TreeStat2,alexeid/TreeStat2,v0.2.0,2026-01-23_13-16-50,2026-05-05_14-29-18,2026,46
starbeast3,rbouckaert/starbeast3,v1.2.1,2026-01-23_13-16-50,2026-05-05_14-29-18,2026,1808
starbeast3,rbouckaert/starbeast3,v1.2.0,2026-01-23_13-16-50,2026-05-05_14-29-18,2026,2
starbeast3,rbouckaert/starbeast3,v1.1.7,2026-01-23_13-16-50,2026-05-05_14-29-18,2026,3
SpeciesNetwork,zhangchicool/speciesnetwork,v1.0.0,2026-01-23_13-16-50,2026-05-05_14-29-18,2026,33
SpeciesNetwork,zhangchicool/speciesnetwork,v0.13.0,2026-01-23_13-16-50,2026-05-05_14-29-18,2026,17
MODEL_SELECTION,BEAST2-Dev/model-selection,v1.6.0,2026-01-23_13-16-50,2026-05-05_14-29-18,2026,198
MODEL_SELECTION,BEAST2-Dev/model-selection,v1.5.0,2026-01-23_13-16-50,2026-05-05_14-29-18,2026,1
MODEL_SELECTION,BEAST2-Dev/model-selection,v1.5.0,2026-01-23_13-16-50,2026-05-05_14-29-18,2026,5
MODEL_SELECTION,BEAST2-Dev/model-selection,v1.4.0,2026-01-23_13-16-50,2026-05-05_14-29-18,2026,3
MODEL_SELECTION,BEAST2-Dev/model-selection,v1.3.0,2026-01-23_13-16-50,2026-05-05_14-29-18,2026,1
NS,BEAST2-Dev/nested-sampling,v1.2.0,2026-01-23_13-16-50,2026-05-05_14-29-18,2026,1
NS,BEAST2-Dev/nested-sampling,v1.2.0,2026-01-23_13-16-50,2026-05-05_14-29-18,2026,62
NS,BEAST2-Dev/nested-sampling,v1.0.0,2026-01-23_13-16-50,2026-05-05_14-29-18,2026,2
CoupledMCMC,nicfel/CoupledMCMC,v1.2.0,2026-01-23_13-16-50,2026-05-05_14-29-18,2026,103
MM,CompEvol/morph-models,v1.3.0,2026-01-23_13-16-50,2026-05-05_14-29-18,2026,3
MM,CompEvol/morph-models,v1.2.0,2026-01-23_13-16-50,2026-05-05_14-29-18,2026,5
MM,CompEvol/morph-models,v1.2.0,2026-01-23_13-16-50,2026-05-05_14-29-18,2026,278
MM,CompEvol/morph-models,untagged-74152ea8507b4e08d3ad,2026-01-23_13-16-50,2026-05-05_14-29-18,2026,1
MM,CompEvol/morph-models,1.0.5,2026-01-23_13-16-50,2026-05-05_14-29-18,2026,1
GEO_SPHERE,BEAST2-Dev/beast-geo,v1.4.0,2026-01-23_13-16-50,2026-05-05_14-29-18,2026,1
GEO_SPHERE,BEAST2-Dev/beast-geo,v1.4.0,2026-01-23_13-16-50,2026-05-05_14-29-18,2026,1
GEO_SPHERE,BEAST2-Dev/beast-geo,v1.4.0,2026-01-23_13-16-50,2026-05-05_14-29-18,2026,77
BREAK_AWAY,rbouckaert/break-away,v1.2.0,2026-01-23_13-16-50,2026-05-05_14-29-18,2026,25
SSM,BEAST2-Dev/substmodels,v1.2.0,2026-01-23_13-16-50,2026-05-05_14-29-18,2026,26
SSM,BEAST2-Dev/substmodels,v1.2.0,2026-01-23_13-16-50,2026-05-05_14-29-18,2026,1
SSM,BEAST2-Dev/substmodels,v1.2.0,2026-01-23_13-16-50,2026-05-05_14-29-18,2026,178
SSM,BEAST2-Dev/substmodels,v1.0.1,2026-01-23_13-16-50,2026-05-05_14-29-18,2026,1
MGSM,BEAST2-Dev/MGSM,v0.4.0,2026-01-23_13-16-50,2026-05-05_14-29-18,2026,27
SA,CompEvol/sampled-ancestors,v2.3.0,2026-01-23_13-16-50,2026-05-05_14-29-18,2026,6
SA,CompEvol/sampled-ancestors,v2.2.0,2026-01-23_13-16-50,2026-05-05_14-29-18,2026,3
SA,CompEvol/sampled-ancestors,v2.1.1,2026-01-23_13-16-50,2026-05-05_14-29-18,2026,1691
SA,CompEvol/sampled-ancestors,v2.1.0,2026-01-23_13-16-50,2026-05-05_14-29-18,2026,2
SA,CompEvol/sampled-ancestors,v1.1.7,2026-01-23_13-16-50,2026-05-05_14-29-18,2026,1
SA,CompEvol/sampled-ancestors,v1.1.4,2026-01-23_13-16-50,2026-05-05_14-29-18,2026,1
BDSKY,BEAST2-Dev/bdsky,v1.5.1,2026-01-23_13-16-50,2026-05-05_14-29-18,2026,244
BDSKY,BEAST2-Dev/bdsky,v1.4.8,2026-01-23_13-16-50,2026-05-05_14-29-18,2026,45
BDSKY,BEAST2-Dev/bdsky,v1.5.0,2026-01-23_13-16-50,2026-05-05_14-29-18,2026,75
BDSKY,BEAST2-Dev/bdsky,1.4.5,2026-01-23_13-16-50,2026-05-05_14-29-18,2026,1
BDSKY,BEAST2-Dev/bdsky,1.4.0,2026-01-23_13-16-50,2026-05-05_14-29-18,2026,1
feast,tgvaughan/feast,v10.6.1,2026-01-23_13-16-50,2026-05-05_14-29-18,2026,177
feast,tgvaughan/feast,v10.6.0,2026-01-23_13-16-50,2026-05-05_14-29-18,2026,56
feast,tgvaughan/feast,v9.8.5,2026-01-23_13-16-50,2026-05-05_14-29-18,2026,6
feast,tgvaughan/feast,v8.4.0,2026-01-23_13-16-50,2026-05-05_14-29-18,2026,11
feast,tgvaughan/feast,v9.3.1,2026-01-23_13-16-50,2026-05-05_14-29-18,2026,7
feast,tgvaughan/feast,v9.2.0,2026-01-23_13-16-50,2026-05-05_14-29-18,2026,14
TiDeTree,seidels/tidetree,v1.0.1,2026-01-23_13-16-50,2026-05-05_14-29-18,2026,26
MultiTypeTree,tgvaughan/MultiTypeTree,v8.3.0,2026-01-23_13-16-50,2026-05-05_14-29-18,2026,146
MultiTypeTree,tgvaughan/MultiTypeTree,v8.0.0,2026-01-23_13-16-50,2026-05-05_14-29-18,2026,1
MultiTypeTree,tgvaughan/MultiTypeTree,v7.0.2,2026-01-23_13-16-50,2026-05-05_14-29-18,2026,8
MultiTypeTree,tgvaughan/MultiTypeTree,v5.5.0,2026-01-23_13-16-50,2026-05-05_14-29-18,2026,1
MASTER,tgvaughan/MASTER,v7.0.0,2026-01-23_13-16-50,2026-05-05_14-29-18,2026,83
MASTER,tgvaughan/MASTER,v6.1.2,2026-01-23_13-16-50,2026-05-05_14-29-18,2026,12
ReMASTER,tgvaughan/remaster,v2.7.4,2026-01-23_13-16-50,2026-05-05_14-29-18,2026,79
ReMASTER,tgvaughan/remaster,v2.7.3,2026-01-23_13-16-50,2026-05-05_14-29-18,2026,15
ReMASTER,tgvaughan/remaster,v2.7.2,2026-01-23_13-16-50,2026-05-05_14-29-18,2026,23
Mascot,nicfel/Mascot,v3.0.8,2026-01-23_13-16-50,2026-05-05_14-29-18,2026,2
Mascot,nicfel/Mascot,v3.0.7,2026-01-23_13-16-50,2026-05-05_14-29-18,2026,115
Mascot,nicfel/Mascot,v3.0.3,2026-01-23_13-16-50,2026-05-05_14-29-18,2026,1
Mascot,nicfel/Mascot,v3.0.0,2026-01-23_13-16-50,2026-05-05_14-29-18,2026,1
Mascot,nicfel/Mascot,v1.2.2,2026-01-23_13-16-50,2026-05-05_14-29-18,2026,1
Recombination,nicfel/Recombination,v1.0.1,2026-01-23_13-16-50,2026-05-05_14-29-18,2026,29
CoalRe,nicfel/CoalRe,v3.0.3,2026-01-23_13-16-50,2026-05-05_14-29-18,2026,6
CoalRe,nicfel/CoalRe,v1.0.4,2026-01-23_13-16-50,2026-05-05_14-29-18,2026,47
CoalRe,nicfel/CoalRe,v1.0.1,2026-01-23_13-16-50,2026-05-05_14-29-18,2026,1
CodonSubstModels,BEAST2-Dev/codonsubstmodels,v2.0.0,2026-01-23_13-16-50,2026-05-05_14-29-18,2026,65
timtam,aezarebski/timtam2,v0.4.1,2026-01-23_13-16-50,2026-05-05_14-29-18,2026,11
timtam,aezarebski/timtam2,v0.4.0,2026-01-23_13-16-50,2026-05-05_14-29-18,2026,28
timtam,aezarebski/timtam2,v0.3.1,2026-01-23_13-16-50,2026-05-05_14-29-18,2026,4
BEASTvntr,arjun-1/BEASTvntr,v0.2.0,2026-01-23_13-16-50,2026-05-05_14-29-18,2026,23
PIQMEE,boskovav/piqmee,v1.1.0,2026-01-23_13-16-50,2026-05-05_14-29-18,2026,25
EpiInf,tgvaughan/epiinf,v8.0.0,2026-01-23_13-16-50,2026-05-05_14-29-18,2026,26
EpiInf,tgvaughan/epiinf,v7.5.2,2026-01-23_13-16-50,2026-05-05_14-29-18,2026,4
FastRelaxedClockLogNormal,Rong419/ConstantDistanceOperator,v1.2.0,2026-01-23_13-16-50,2026-05-05_14-29-18,2026,101
bacter,tgvaughan/bacter,v3.0.1,2026-01-23_13-16-50,2026-05-05_14-29-18,2026,36
bacter,tgvaughan/bacter,v2.2.5,2026-01-23_13-16-50,2026-05-05_14-29-18,2026,4
bacter,tgvaughan/bacter,v2.2.0,2026-01-23_13-16-50,2026-05-05_14-29-18,2026,1
bacter,tgvaughan/bacter,v2.1.1,2026-01-23_13-16-50,2026-05-05_14-29-18,2026,2
StarBEAST2,genomescale/starbeast2,v1.0.0,2026-01-23_13-16-50,2026-05-05_14-29-18,2026,6
StarBEAST2,genomescale/starbeast2,v1.0.0,2026-01-23_13-16-50,2026-05-05_14-29-18,2026,1
StarBEAST2,genomescale/starbeast2,v1.0.0,2026-01-23_13-16-50,2026-05-05_14-29-18,2026,1
StarBEAST2,genomescale/starbeast2,v1.0.0,2026-01-23_13-16-50,2026-05-05_14-29-18,2026,131
StarBEAST2,genomescale/starbeast2,v0.15.5,2026-01-23_13-16-50,2026-05-05_14-29-18,2026,1
StarBEAST2,genomescale/starbeast2,v0.14.0,2026-01-23_13-16-50,2026-05-05_14-29-18,2026,17
StarBEAST2,genomescale/starbeast2,v0.14.0,2026-01-23_13-16-50,2026-05-05_14-29-18,2026,1
bdtree,fkmendes/bdtree,v.0.0.2,2026-01-23_13-16-50,2026-05-05_14-29-18,2026,83
bdtree,fkmendes/bdtree,v0.0.1,2026-01-23_13-16-50,2026-05-05_14-29-18,2026,25
bdmm,denisekuehnert/bdmm,v2.0.0,2026-01-23_13-16-50,2026-05-05_14-29-18,2026,75
bdmm,denisekuehnert/bdmm,v1.0.2,2026-01-23_13-16-50,2026-05-05_14-29-18,2026,8
PhyDyn,mrc-ide/PhyDyn,v1.4.0,2026-01-23_13-16-50,2026-05-05_14-29-18,2026,61
PhyDyn,mrc-ide/PhyDyn,v1.3.6,2026-01-23_13-16-50,2026-05-05_14-29-18,2026,1
PhyDyn,mrc-ide/PhyDyn,v1.3.4,2026-01-23_13-16-50,2026-05-05_14-29-18,2026,1
PhyDyn,mrc-ide/PhyDyn,v1.3.3,2026-01-23_13-16-50,2026-05-05_14-29-18,2026,7
CA,BEAST2-Dev/cladeage,v2.1.0,2026-01-23_13-16-50,2026-05-05_14-29-18,2026,50
CA,BEAST2-Dev/cladeage,v1.2.0,2026-01-23_13-16-50,2026-05-05_14-29-18,2026,1
phylodynamics,BEAST2-Dev/phylodynamics,v1.4.0,2026-01-23_13-16-50,2026-05-05_14-29-18,2026,84
phylonco,bioDS/beast-phylonco,v1.2.1-patch,2026-01-23_13-16-50,2026-05-05_14-29-18,2026,54
phylonco,bioDS/beast-phylonco,v1.2.1,2026-01-23_13-16-50,2026-05-05_14-29-18,2026,1
phylonco,bioDS/beast-phylonco,v1.2.1,2026-01-23_13-16-50,2026-05-05_14-29-18,2026,1
phylonco,bioDS/beast-phylonco,v1.2.1,2026-01-23_13-16-50,2026-05-05_14-29-18,2026,31
phylonco,bioDS/beast-phylonco,v1.2.0,2026-01-23_13-16-50,2026-05-05_14-29-18,2026,25
phylonco,bioDS/beast-phylonco,v1.2.0,2026-01-23_13-16-50,2026-05-05_14-29-18,2026,2
phylonco,bioDS/beast-phylonco,v0.0.7-pre,2026-01-23_13-16-50,2026-05-05_14-29-18,2026,3
phylonco,bioDS/beast-phylonco,v0.0.6,2026-01-23_13-16-50,2026-05-05_14-29-18,2026,1
lphybeast,LinguaPhylo/LPhyBeast,1.3.0,2026-01-23_13-16-50,2026-05-05_14-29-18,2026,45
lphybeast,LinguaPhylo/LPhyBeast,1.2.0,2026-01-23_13-16-50,2026-05-05_14-29-18,2026,35
contacTrees,NicoNeureiter/contacTrees,v1.2.0,2026-01-23_13-16-50,2026-05-05_14-29-18,2026,25
contacTrees,NicoNeureiter/contacTrees,v1.1.0,2026-01-23_13-16-50,2026-05-05_14-29-18,2026,1
FixedTreeAnalysis,rbouckaert/FixedTreeAnalysis,v0.0.2,2026-01-23_13-16-50,2026-05-05_14-29-18,2026,92
CCD,CompEvol/CCD,v1.1.0,2026-01-23_13-16-50,2026-05-05_14-29-18,2026,2
CCD,CompEvol/CCD,v1.0.3,2026-01-23_13-16-50,2026-05-05_14-29-18,2026,1596
FLC,4ment/flc,v1.2.0,2026-01-23_13-16-50,2026-05-05_14-29-18,2026,38
CubeVB,rbouckaert/cubevb,v1.0.0,2026-01-23_13-16-50,2026-05-05_14-29-18,2026,22
FreeRateModel,BEAST2-Dev/FreeRateModel,v1.0.0,2026-01-23_13-16-50,2026-05-05_14-29-18,2026,43
AlmostDistributions,rbouckaert/AlmostDistributions,v0.2.0,2026-01-23_13-16-50,2026-05-05_14-29-18,2026,6
Experimenter,christiaanjs/beast-validation,v0.2.0,2026-01-23_13-16-50,2026-05-05_14-29-18,2026,2
IndelDollo,jordandouglas/IndelDollo,0.0.1,2026-01-23_13-16-50,2026-05-05_14-29-18,2026,3
ASM,rbouckaert/asm,v0.0.1,2026-01-23_13-16-50,2026-05-05_14-29-18,2026,1
HetMM,jordandouglas/HetMM,v0.0.1,2026-01-23_13-16-50,2026-05-05_14-29-18,2026,1
beastmap,jordandouglas/BeastMap,v0.0.3,2026-01-23_13-16-50,2026-05-05_14-29-18,2026,9
FoldBeast,jordandouglas/FoldBeast,v0.0.2,2026-01-23_13-16-50,2026-05-05_14-29-18,2026,4
BREATH,rbouckaert/transmission,v0.0.5,2026-01-23_13-16-50,2026-05-05_14-29-18,2026,4
BREATH,rbouckaert/transmission,v0.0.4,2026-01-23_13-16-50,2026-05-05_14-29-18,2026,1
BREATH,rbouckaert/transmission,v0.0.1,2026-01-23_13-16-50,2026-05-05_14-29-18,2026,5
5rf,rbouckaert/5rf,v0.0.1,2026-01-23_13-16-50,2026-05-05_14-29-18,2026,2
RBS,BEAST2-Dev/rb-beast,v1.5.0,2026-01-23_13-16-50,2026-05-05_14-29-18,2026,2
RBS,BEAST2-Dev/rb-beast,v1.4.0,2026-01-23_13-16-50,2026-05-05_14-29-18,2026,2
rootfreqs,rbouckaert/rootfreqs,v0.0.2,2026-01-23_13-16-50,2026-05-05_14-29-18,2026,5
EpochClockModel,rbouckaert/EpochClockModel,v0.0.2,2026-01-23_13-16-50,2026-05-05_14-29-18,2026,4
TyCHE,hoehnlab/tyche,v0.0.10,2026-01-23_13-16-50,2026-05-05_14-29-18,2026,1
TyCHE,hoehnlab/tyche,v0.0.9,2026-01-23_13-16-50,2026-05-05_14-29-18,2026,3
TyCHE,hoehnlab/tyche,v0.0.8,2026-01-23_13-16-50,2026-05-05_14-29-18,2026,2
TyCHE,hoehnlab/tyche,v0.0.7,2026-01-23_13-16-50,2026-05-05_14-29-18,2026,14
TyCHE,hoehnlab/tyche,v0.0.6,2026-01-23_13-16-50,2026-05-05_14-29-18,2026,3
TyCHE,hoehnlab/tyche,v0.0.5,2026-01-23_13-16-50,2026-05-05_14-29-18,2026,1
TyCHE,hoehnlab/tyche,v0.0.3,2026-01-23_13-16-50,2026-05-05_14-29-18,2026,29
TargetedBeast,nicfel/targetedbeast,v.1.0.0,2026-01-23_13-16-50,2026-05-05_14-29-18,2026,23
BEAST2Lang,CompEvol/beast2lang,0.0.1,2026-01-23_13-16-50,2026-05-05_14-29-18,2026,2
BEAST.base,CompEvol/beast2,v2.7.8,2026-05-05_14-29-18,2026-06-09_21-44-18,2026,841
BEAST.base,CompEvol/beast2,v2.7.8,2026-05-05_14-29-18,2026-06-09_21-44-18,2026,834
BEAST.base,CompEvol/beast2,v2.7.7,2026-05-05_14-29-18,2026-06-09_21-44-18,2026,11
BEAST.base,CompEvol/beast2,v2.7.7,2026-05-05_14-29-18,2026-06-09_21-44-18,2026,6
BEAST.base,CompEvol/beast2,v2.7.7,2026-05-05_14-29-18,2026-06-09_21-44-18,2026,1110
BEAST.base,CompEvol/beast2,v2.7.6,2026-05-05_14-29-18,2026-06-09_21-44-18,2026,2
BEAST.base,CompEvol/beast2,v2.7.6,2026-05-05_14-29-18,2026-06-09_21-44-18,2026,6
BEAST.base,CompEvol/beast2,v2.7.5,2026-05-05_14-29-18,2026-06-09_21-44-18,2026,1
BEAST.base,CompEvol/beast2,v2.7.5,2026-05-05_14-29-18,2026-06-09_21-44-18,2026,1
BEAST.base,CompEvol/beast2,v2.7.4,2026-05-05_14-29-18,2026-06-09_21-44-18,2026,1
BEAST.base,CompEvol/beast2,v2.7.4,2026-05-05_14-29-18,2026-06-09_21-44-18,2026,1
BEAST.base,CompEvol/beast2,v2.7.3,2026-05-05_14-29-18,2026-06-09_21-44-18,2026,1
BEAST.base,CompEvol/beast2,v2.7.3,2026-05-05_14-29-18,2026-06-09_21-44-18,2026,3
BEAST.base,CompEvol/beast2,2.7.2,2026-05-05_14-29-18,2026-06-09_21-44-18,2026,1
BEAST.base,CompEvol/beast2,v2.6.7,2026-05-05_14-29-18,2026-06-09_21-44-18,2026,4
BEAST.base,CompEvol/beast2,v2.6.7,2026-05-05_14-29-18,2026-06-09_21-44-18,2026,12
BEAST.base,CompEvol/beast2,v2.6.7,2026-05-05_14-29-18,2026-06-09_21-44-18,2026,5
BEAST.base,CompEvol/beast2,v2.6.2,2026-05-05_14-29-18,2026-06-09_21-44-18,2026,1
BEAST.base,CompEvol/beast2,v2.6.1,2026-05-05_14-29-18,2026-06-09_21-44-18,2026,2
BEAST.base,CompEvol/beast2,v2.6.0,2026-05-05_14-29-18,2026-06-09_21-44-18,2026,1
BEAST.base,CompEvol/beast2,v2.5.0,2026-05-05_14-29-18,2026-06-09_21-44-18,2026,2
BEAST.base,CompEvol/beast2,v2.4.8,2026-05-05_14-29-18,2026-06-09_21-44-18,2026,4
BEAST.base,CompEvol/beast2,v2.4.8,2026-05-05_14-29-18,2026-06-09_21-44-18,2026,6
BEAST.base,CompEvol/beast2,v2.4.7,2026-05-05_14-29-18,2026-06-09_21-44-18,2026,1
BEAST.base,CompEvol/beast2,v2.4.5,2026-05-05_14-29-18,2026-06-09_21-44-18,2026,3
BEAST.base,CompEvol/beast2,v2.4.1,2026-05-05_14-29-18,2026-06-09_21-44-18,2026,3
BEAST.base,CompEvol/beast2,v2.4.0,2026-05-05_14-29-18,2026-06-09_21-44-18,2026,2
BEAST.base,CompEvol/beast2,2.3.3pre,2026-05-05_14-29-18,2026-06-09_21-44-18,2026,1
BEASTLabs,BEAST2-Dev/BEASTLabs,v2.1.0-beta1,2026-05-05_14-29-18,2026-06-09_21-44-18,2026,3
BEASTLabs,BEAST2-Dev/BEASTLabs,v2.0.0,2026-05-05_14-29-18,2026-06-09_21-44-18,2026,4
BEASTLabs,BEAST2-Dev/BEASTLabs,v2.0.0,2026-05-05_14-29-18,2026-06-09_21-44-18,2026,2
BEASTLabs,BEAST2-Dev/BEASTLabs,v2.0.0,2026-05-05_14-29-18,2026-06-09_21-44-18,2026,862
BEASTLabs,BEAST2-Dev/BEASTLabs,v1.9.0,2026-05-05_14-29-18,2026-06-09_21-44-18,2026,1
BEASTLabs,BEAST2-Dev/BEASTLabs,v1.8.0,2026-05-05_14-29-18,2026-06-09_21-44-18,2026,4
BEASTLabs,BEAST2-Dev/BEASTLabs,v1.7.0,2026-05-05_14-29-18,2026-06-09_21-44-18,2026,22
BEASTLabs,BEAST2-Dev/BEASTLabs,v1.3.0,2026-05-05_14-29-18,2026-06-09_21-44-18,2026,1
bModelTest,BEAST2-Dev/bModelTest,v1.3.3,2026-05-05_14-29-18,2026-06-09_21-44-18,2026,127
bModelTest,BEAST2-Dev/bModelTest,v1.1.0,2026-05-05_14-29-18,2026-06-09_21-44-18,2026,3
OBAMA,rbouckaert/obama,v1.1.2,2026-05-05_14-29-18,2026-06-09_21-44-18,2026,2
OBAMA,rbouckaert/obama,v.1.1.1,2026-05-05_14-29-18,2026-06-09_21-44-18,2026,22
BICEPS,rbouckaert/biceps,v1.2.0,2026-05-05_14-29-18,2026-06-09_21-44-18,2026,1
BICEPS,rbouckaert/biceps,v1.1.2,2026-05-05_14-29-18,2026-06-09_21-44-18,2026,50
BICEPS,rbouckaert/biceps,v1.1.0,2026-05-05_14-29-18,2026-06-09_21-44-18,2026,1
ORC,jordandouglas/ORC,v1.3.1,2026-05-05_14-29-18,2026-06-09_21-44-18,2026,8
ORC,jordandouglas/ORC,v1.3.0,2026-05-05_14-29-18,2026-06-09_21-44-18,2026,1
ORC,jordandouglas/ORC,v1.2.1,2026-05-05_14-29-18,2026-06-09_21-44-18,2026,719
ORC,jordandouglas/ORC,v1.2.0,2026-05-05_14-29-18,2026-06-09_21-44-18,2026,1
speedemon,rbouckaert/speedemon,publish,2026-05-05_14-29-18,2026-06-09_21-44-18,2026,28
gammaspike,jordandouglas/GammaSpikeModel,v1.3.0,2026-05-05_14-29-18,2026-06-09_21-44-18,2026,1
gammaspike,jordandouglas/GammaSpikeModel,v1.2.0,2026-05-05_14-29-18,2026-06-09_21-44-18,2026,25
gammaspike,jordandouglas/GammaSpikeModel,v1.1.0,2026-05-05_14-29-18,2026-06-09_21-44-18,2026,3
resub,jordandouglas/resub,v1.0.0,2026-05-05_14-29-18,2026-06-09_21-44-18,2026,12
resub,jordandouglas/resub,v0.0.1,2026-05-05_14-29-18,2026-06-09_21-44-18,2026,2
contraband,fkmendes/contraband,v1.0.2,2026-05-05_14-29-18,2026-06-09_21-44-18,2026,21
Babel,rbouckaert/Babel,v0.4.0,2026-05-05_14-29-18,2026-06-09_21-44-18,2026,2
Babel,rbouckaert/Babel,v0.4.0,2026-05-05_14-29-18,2026-06-09_21-44-18,2026,28
BEAST_CLASSIC,BEAST2-Dev/beast-classic,v1.7.0-beta1,2026-05-05_14-29-18,2026-06-09_21-44-18,2026,5
BEAST_CLASSIC,BEAST2-Dev/beast-classic,v1.6.0,2026-05-05_14-29-18,2026-06-09_21-44-18,2026,3
BEAST_CLASSIC,BEAST2-Dev/beast-classic,v1.6.0,2026-05-05_14-29-18,2026-06-09_21-44-18,2026,234
BEAST_CLASSIC,BEAST2-Dev/beast-classic,v1.5.0,2026-05-05_14-29-18,2026-06-09_21-44-18,2026,2
BEAST_CLASSIC,BEAST2-Dev/beast-classic,v1.4.0,2026-05-05_14-29-18,2026-06-09_21-44-18,2026,1
BEAST_CLASSIC,BEAST2-Dev/beast-classic,v1.3.0,2026-05-05_14-29-18,2026-06-09_21-44-18,2026,8
SNAPP,BEAST2-Dev/SNAPP,v1.6.0,2026-05-05_14-29-18,2026-06-09_21-44-18,2026,1
SNAPP,BEAST2-Dev/SNAPP,v1.6.0,2026-05-05_14-29-18,2026-06-09_21-44-18,2026,119
SNAPP,BEAST2-Dev/SNAPP,v1.5.0,2026-05-05_14-29-18,2026-06-09_21-44-18,2026,1
SNAPP,BEAST2-Dev/SNAPP,v1.5.0,2026-05-05_14-29-18,2026-06-09_21-44-18,2026,1
SNAPP,BEAST2-Dev/SNAPP,v1.4.0,2026-05-05_14-29-18,2026-06-09_21-44-18,2026,1
SNAPP,BEAST2-Dev/SNAPP,v1.4.0,2026-05-05_14-29-18,2026-06-09_21-44-18,2026,1
SNAPP,BEAST2-Dev/SNAPP,v1.4.0,2026-05-05_14-29-18,2026-06-09_21-44-18,2026,1
SNAPP,BEAST2-Dev/SNAPP,v1.3.0,2026-05-05_14-29-18,2026-06-09_21-44-18,2026,9
SNAPP,BEAST2-Dev/SNAPP,v1.2.0,2026-05-05_14-29-18,2026-06-09_21-44-18,2026,1
snapper,rbouckaert/snapper,v1.1.0,2026-05-05_14-29-18,2026-06-09_21-44-18,2026,2
snapper,rbouckaert/snapper,v1.1.0,2026-05-05_14-29-18,2026-06-09_21-44-18,2026,51
TreeStat2,alexeid/TreeStat2,v0.2.0,2026-05-05_14-29-18,2026-06-09_21-44-18,2026,17
starbeast3,rbouckaert/starbeast3,v1.2.1,2026-05-05_14-29-18,2026-06-09_21-44-18,2026,663
starbeast3,rbouckaert/starbeast3,v.1.1.2,2026-05-05_14-29-18,2026-06-09_21-44-18,2026,1
SpeciesNetwork,zhangchicool/speciesnetwork,v1.0.0,2026-05-05_14-29-18,2026-06-09_21-44-18,2026,19
SpeciesNetwork,zhangchicool/speciesnetwork,v0.13.0,2026-05-05_14-29-18,2026-06-09_21-44-18,2026,9
MODEL_SELECTION,BEAST2-Dev/model-selection,v1.6.0,2026-05-05_14-29-18,2026-06-09_21-44-18,2026,2
MODEL_SELECTION,BEAST2-Dev/model-selection,v1.6.0,2026-05-05_14-29-18,2026-06-09_21-44-18,2026,100
MODEL_SELECTION,BEAST2-Dev/model-selection,v1.3.0,2026-05-05_14-29-18,2026-06-09_21-44-18,2026,9
NS,BEAST2-Dev/nested-sampling,v1.2.0,2026-05-05_14-29-18,2026-06-09_21-44-18,2026,3
NS,BEAST2-Dev/nested-sampling,v1.2.0,2026-05-05_14-29-18,2026-06-09_21-44-18,2026,40
CoupledMCMC,nicfel/CoupledMCMC,v1.3.0-beta1,2026-05-05_14-29-18,2026-06-09_21-44-18,2026,6
CoupledMCMC,nicfel/CoupledMCMC,v1.2.0,2026-05-05_14-29-18,2026-06-09_21-44-18,2026,5
CoupledMCMC,nicfel/CoupledMCMC,v1.2.0,2026-05-05_14-29-18,2026-06-09_21-44-18,2026,1
CoupledMCMC,nicfel/CoupledMCMC,v1.2.0,2026-05-05_14-29-18,2026-06-09_21-44-18,2026,38
CoupledMCMC,nicfel/CoupledMCMC,v1.1.0,2026-05-05_14-29-18,2026-06-09_21-44-18,2026,2
CoupledMCMC,nicfel/CoupledMCMC,v1.0.2,2026-05-05_14-29-18,2026-06-09_21-44-18,2026,1
CoupledMCMC,nicfel/CoupledMCMC,v1.0.0,2026-05-05_14-29-18,2026-06-09_21-44-18,2026,2
CoupledMCMC,nicfel/CoupledMCMC,v0.0.1,2026-05-05_14-29-18,2026-06-09_21-44-18,2026,2
MM,CompEvol/morph-models,v1.3.0,2026-05-05_14-29-18,2026-06-09_21-44-18,2026,4
MM,CompEvol/morph-models,v1.2.0,2026-05-05_14-29-18,2026-06-09_21-44-18,2026,2
MM,CompEvol/morph-models,v1.2.0,2026-05-05_14-29-18,2026-06-09_21-44-18,2026,89
MM,CompEvol/morph-models,1.0.5,2026-05-05_14-29-18,2026-06-09_21-44-18,2026,9
GEO_SPHERE,BEAST2-Dev/beast-geo,v1.4.0,2026-05-05_14-29-18,2026-06-09_21-44-18,2026,2
GEO_SPHERE,BEAST2-Dev/beast-geo,v1.4.0,2026-05-05_14-29-18,2026-06-09_21-44-18,2026,34
GEO_SPHERE,BEAST2-Dev/beast-geo,v1.1.0,2026-05-05_14-29-18,2026-06-09_21-44-18,2026,8
BREAK_AWAY,rbouckaert/break-away,v1.2.0,2026-05-05_14-29-18,2026-06-09_21-44-18,2026,17
SSM,BEAST2-Dev/substmodels,v1.3.0,2026-05-05_14-29-18,2026-06-09_21-44-18,2026,3
SSM,BEAST2-Dev/substmodels,v1.2.0,2026-05-05_14-29-18,2026-06-09_21-44-18,2026,2
SSM,BEAST2-Dev/substmodels,v1.2.0,2026-05-05_14-29-18,2026-06-09_21-44-18,2026,54
MGSM,BEAST2-Dev/MGSM,v0.4.0,2026-05-05_14-29-18,2026-06-09_21-44-18,2026,14
SA,CompEvol/sampled-ancestors,v2.3.0,2026-05-05_14-29-18,2026-06-09_21-44-18,2026,4
SA,CompEvol/sampled-ancestors,v2.1.1,2026-05-05_14-29-18,2026-06-09_21-44-18,2026,688
SA,CompEvol/sampled-ancestors,v2.0.2,2026-05-05_14-29-18,2026-06-09_21-44-18,2026,1
SA,CompEvol/sampled-ancestors,v1.1.7,2026-05-05_14-29-18,2026-06-09_21-44-18,2026,6
SA,CompEvol/sampled-ancestors,v1.1.3,2026-05-05_14-29-18,2026-06-09_21-44-18,2026,1
BDSKY,BEAST2-Dev/bdsky,v1.5.1,2026-05-05_14-29-18,2026-06-09_21-44-18,2026,144
BDSKY,BEAST2-Dev/bdsky,v1.4.8,2026-05-05_14-29-18,2026-06-09_21-44-18,2026,8
BDSKY,BEAST2-Dev/bdsky,v1.5.0,2026-05-05_14-29-18,2026-06-09_21-44-18,2026,2
BDSKY,BEAST2-Dev/bdsky,v1.4.7,2026-05-05_14-29-18,2026-06-09_21-44-18,2026,1
BDSKY,BEAST2-Dev/bdsky,v1.4.6,2026-05-05_14-29-18,2026-06-09_21-44-18,2026,1
BDSKY,BEAST2-Dev/bdsky,1.4.5,2026-05-05_14-29-18,2026-06-09_21-44-18,2026,1
BDSKY,BEAST2-Dev/bdsky,1.4.4,2026-05-05_14-29-18,2026-06-09_21-44-18,2026,1
BDSKY,BEAST2-Dev/bdsky,v1.4.3,2026-05-05_14-29-18,2026-06-09_21-44-18,2026,1
feast,tgvaughan/feast,v11.0.1,2026-05-05_14-29-18,2026-06-09_21-44-18,2026,6
feast,tgvaughan/feast,v11.0.0,2026-05-05_14-29-18,2026-06-09_21-44-18,2026,1
feast,tgvaughan/feast,v10.6.1,2026-05-05_14-29-18,2026-06-09_21-44-18,2026,106
feast,tgvaughan/feast,v10.5.0,2026-05-05_14-29-18,2026-06-09_21-44-18,2026,1
feast,tgvaughan/feast,v10.0.0,2026-05-05_14-29-18,2026-06-09_21-44-18,2026,1
feast,tgvaughan/feast,v8.4.0,2026-05-05_14-29-18,2026-06-09_21-44-18,2026,5
feast,tgvaughan/feast,v8.3.1,2026-05-05_14-29-18,2026-06-09_21-44-18,2026,1
feast,tgvaughan/feast,v7.11.0,2026-05-05_14-29-18,2026-06-09_21-44-18,2026,3
feast,tgvaughan/feast,v1.0.0,2026-05-05_14-29-18,2026-06-09_21-44-18,2026,1
TiDeTree,seidels/tidetree,v1.0.2,2026-05-05_14-29-18,2026-06-09_21-44-18,2026,2
TiDeTree,seidels/tidetree,v1.0.1,2026-05-05_14-29-18,2026-06-09_21-44-18,2026,18
MultiTypeTree,tgvaughan/MultiTypeTree,v8.3.0,2026-05-05_14-29-18,2026-06-09_21-44-18,2026,46
MultiTypeTree,tgvaughan/MultiTypeTree,v7.0.2,2026-05-05_14-29-18,2026-06-09_21-44-18,2026,4
MultiTypeTree,tgvaughan/MultiTypeTree,v7.0.1,2026-05-05_14-29-18,2026-06-09_21-44-18,2026,1
MultiTypeTree,tgvaughan/MultiTypeTree,v7.0.0,2026-05-05_14-29-18,2026-06-09_21-44-18,2026,1
MultiTypeTree,tgvaughan/MultiTypeTree,v6.3.1,2026-05-05_14-29-18,2026-06-09_21-44-18,2026,2
MASTER,tgvaughan/MASTER,v7.0.0,2026-05-05_14-29-18,2026-06-09_21-44-18,2026,27
MASTER,tgvaughan/MASTER,v6.1.2,2026-05-05_14-29-18,2026-06-09_21-44-18,2026,3
MASTER,tgvaughan/MASTER,v6.1.1,2026-05-05_14-29-18,2026-06-09_21-44-18,2026,1
MASTER,tgvaughan/MASTER,v6.0.0,2026-05-05_14-29-18,2026-06-09_21-44-18,2026,1
MASTER,tgvaughan/MASTER,v5.1.1,2026-05-05_14-29-18,2026-06-09_21-44-18,2026,2
ReMASTER,tgvaughan/remaster,v3.0.1,2026-05-05_14-29-18,2026-06-09_21-44-18,2026,2
ReMASTER,tgvaughan/remaster,v2.7.4,2026-05-05_14-29-18,2026-06-09_21-44-18,2026,39
Mascot,nicfel/Mascot,v3.1.0-beta1,2026-05-05_14-29-18,2026-06-09_21-44-18,2026,4
Mascot,nicfel/Mascot,v3.0.8,2026-05-05_14-29-18,2026-06-09_21-44-18,2026,13
Mascot,nicfel/Mascot,v3.0.7,2026-05-05_14-29-18,2026-06-09_21-44-18,2026,105
Mascot,nicfel/Mascot,v3.0.6,2026-05-05_14-29-18,2026-06-09_21-44-18,2026,4
Mascot,nicfel/Mascot,v3.0.1,2026-05-05_14-29-18,2026-06-09_21-44-18,2026,1
Mascot,nicfel/Mascot,v3.0.0,2026-05-05_14-29-18,2026-06-09_21-44-18,2026,7
Mascot,nicfel/Mascot,v1.2.2,2026-05-05_14-29-18,2026-06-09_21-44-18,2026,1
Recombination,nicfel/Recombination,v1.0.1,2026-05-05_14-29-18,2026-06-09_21-44-18,2026,20
CoalRe,nicfel/CoalRe,v3.0.3,2026-05-05_14-29-18,2026-06-09_21-44-18,2026,4
CoalRe,nicfel/CoalRe,v2.7.1,2026-05-05_14-29-18,2026-06-09_21-44-18,2026,1
CoalRe,nicfel/CoalRe,v2.6.3,2026-05-05_14-29-18,2026-06-09_21-44-18,2026,7
CoalRe,nicfel/CoalRe,v2.2.1,2026-05-05_14-29-18,2026-06-09_21-44-18,2026,1
CoalRe,nicfel/CoalRe,v1.0.4,2026-05-05_14-29-18,2026-06-09_21-44-18,2026,19
CodonSubstModels,BEAST2-Dev/codonsubstmodels,v2.0.0,2026-05-05_14-29-18,2026-06-09_21-44-18,2026,26
timtam,aezarebski/timtam2,v0.4.1,2026-05-05_14-29-18,2026-06-09_21-44-18,2026,2
timtam,aezarebski/timtam2,v0.4.0,2026-05-05_14-29-18,2026-06-09_21-44-18,2026,15
BEASTvntr,arjun-1/BEASTvntr,v0.2.0,2026-05-05_14-29-18,2026-06-09_21-44-18,2026,17
PIQMEE,boskovav/piqmee,v1.1.0,2026-05-05_14-29-18,2026-06-09_21-44-18,2026,22
PIQMEE,boskovav/piqmee,1.0.2,2026-05-05_14-29-18,2026-06-09_21-44-18,2026,6
EpiInf,tgvaughan/epiinf,v8.0.1,2026-05-05_14-29-18,2026-06-09_21-44-18,2026,1
EpiInf,tgvaughan/epiinf,v8.0.0,2026-05-05_14-29-18,2026-06-09_21-44-18,2026,13
EpiInf,tgvaughan/epiinf,v7.5.2,2026-05-05_14-29-18,2026-06-09_21-44-18,2026,4
EpiInf,tgvaughan/epiinf,v1.0.0-pre,2026-05-05_14-29-18,2026-06-09_21-44-18,2026,1
FastRelaxedClockLogNormal,Rong419/ConstantDistanceOperator,v1.2.0,2026-05-05_14-29-18,2026-06-09_21-44-18,2026,57
bacter,tgvaughan/bacter,v3.0.1,2026-05-05_14-29-18,2026-06-09_21-44-18,2026,28
StarBEAST2,genomescale/starbeast2,v1.0.0,2026-05-05_14-29-18,2026-06-09_21-44-18,2026,2
StarBEAST2,genomescale/starbeast2,v1.0.0,2026-05-05_14-29-18,2026-06-09_21-44-18,2026,54
StarBEAST2,genomescale/starbeast2,v0.14.0,2026-05-05_14-29-18,2026-06-09_21-44-18,2026,4
StarBEAST2,genomescale/starbeast2,v0.14.0,2026-05-05_14-29-18,2026-06-09_21-44-18,2026,1
bdtree,fkmendes/bdtree,v.0.0.2,2026-05-05_14-29-18,2026-06-09_21-44-18,2026,22
bdtree,fkmendes/bdtree,v0.0.1,2026-05-05_14-29-18,2026-06-09_21-44-18,2026,7
bdmm,denisekuehnert/bdmm,v2.0.0,2026-05-05_14-29-18,2026-06-09_21-44-18,2026,25
PhyDyn,mrc-ide/PhyDyn,v1.4.0,2026-05-05_14-29-18,2026-06-09_21-44-18,2026,21
PhyDyn,mrc-ide/PhyDyn,v1.3.8,2026-05-05_14-29-18,2026-06-09_21-44-18,2026,1
CA,BEAST2-Dev/cladeage,v2.1.0,2026-05-05_14-29-18,2026-06-09_21-44-18,2026,21
phylodynamics,BEAST2-Dev/phylodynamics,v1.5.0,2026-05-05_14-29-18,2026-06-09_21-44-18,2026,19
phylodynamics,BEAST2-Dev/phylodynamics,v1.4.0,2026-05-05_14-29-18,2026-06-09_21-44-18,2026,17
PopFunc,LinguaPhylo/PopFunc,v0.0.1,2026-05-05_14-29-18,2026-06-09_21-44-18,2026,22
phylonco,bioDS/beast-phylonco,v1.2.1-patch,2026-05-05_14-29-18,2026-06-09_21-44-18,2026,25
phylonco,bioDS/beast-phylonco,v1.2.1,2026-05-05_14-29-18,2026-06-09_21-44-18,2026,1
phylonco,bioDS/beast-phylonco,v1.2.1,2026-05-05_14-29-18,2026-06-09_21-44-18,2026,1
phylonco,bioDS/beast-phylonco,v1.2.1,2026-05-05_14-29-18,2026-06-09_21-44-18,2026,15
phylonco,bioDS/beast-phylonco,v0.0.7-pre,2026-05-05_14-29-18,2026-06-09_21-44-18,2026,1
phylonco,bioDS/beast-phylonco,v0.0.5-pre,2026-05-05_14-29-18,2026-06-09_21-44-18,2026,1
lphybeast,LinguaPhylo/LPhyBeast,1.3.0,2026-05-05_14-29-18,2026-06-09_21-44-18,2026,16
lphybeast,LinguaPhylo/LPhyBeast,1.2.1,2026-05-05_14-29-18,2026-06-09_21-44-18,2026,1
lphybeast,LinguaPhylo/LPhyBeast,1.2.0,2026-05-05_14-29-18,2026-06-09_21-44-18,2026,1
lphybeast,LinguaPhylo/LPhyBeast,1.2.0,2026-05-05_14-29-18,2026-06-09_21-44-18,2026,14
lphybeast,LinguaPhylo/LPhyBeast,0.0.1,2026-05-05_14-29-18,2026-06-09_21-44-18,2026,1
contacTrees,NicoNeureiter/contacTrees,v1.2.0,2026-05-05_14-29-18,2026-06-09_21-44-18,2026,13
FixedTreeAnalysis,rbouckaert/FixedTreeAnalysis,v0.0.2,2026-05-05_14-29-18,2026-06-09_21-44-18,2026,41
CCD,CompEvol/CCD,v1.1.0,2026-05-05_14-29-18,2026-06-09_21-44-18,2026,1
CCD,CompEvol/CCD,v1.0.4,2026-05-05_14-29-18,2026-06-09_21-44-18,2026,1
CCD,CompEvol/CCD,v1.0.3,2026-05-05_14-29-18,2026-06-09_21-44-18,2026,628
CCD,CompEvol/CCD,v0.0.1,2026-05-05_14-29-18,2026-06-09_21-44-18,2026,1
FLC,4ment/flc,v1.2.0,2026-05-05_14-29-18,2026-06-09_21-44-18,2026,14
CubeVB,rbouckaert/cubevb,v1.0.0,2026-05-05_14-29-18,2026-06-09_21-44-18,2026,11
FreeRateModel,BEAST2-Dev/FreeRateModel,v1.0.0,2026-05-05_14-29-18,2026-06-09_21-44-18,2026,23
AlmostDistributions,rbouckaert/AlmostDistributions,v0.2.0,2026-05-05_14-29-18,2026-06-09_21-44-18,2026,2
AlmostDistributions,rbouckaert/AlmostDistributions,v0.2.0,2026-05-05_14-29-18,2026-06-09_21-44-18,2026,1
Experimenter,christiaanjs/beast-validation,v0.2.0,2026-05-05_14-29-18,2026-06-09_21-44-18,2026,3
IndelDollo,jordandouglas/IndelDollo,0.0.1,2026-05-05_14-29-18,2026-06-09_21-44-18,2026,2
CorrelatedTrait,rbouckaert/CorrelatedTrait,v0.0.5,2026-05-05_14-29-18,2026-06-09_21-44-18,2026,3
beastmap,jordandouglas/BeastMap,v0.0.3,2026-05-05_14-29-18,2026-06-09_21-44-18,2026,2
FoldBeast,jordandouglas/FoldBeast,v0.0.2,2026-05-05_14-29-18,2026-06-09_21-44-18,2026,4
BREATH,rbouckaert/transmission,v0.0.5,2026-05-05_14-29-18,2026-06-09_21-44-18,2026,7
BREATH,rbouckaert/transmission,v0.0.5,2026-05-05_14-29-18,2026-06-09_21-44-18,2026,1
BREATH,rbouckaert/transmission,v0.0.1,2026-05-05_14-29-18,2026-06-09_21-44-18,2026,3
RBS,BEAST2-Dev/rb-beast,v1.5.0,2026-05-05_14-29-18,2026-06-09_21-44-18,2026,3
RBS,BEAST2-Dev/rb-beast,v1.4.0,2026-05-05_14-29-18,2026-06-09_21-44-18,2026,1
rootfreqs,rbouckaert/rootfreqs,v0.0.2,2026-05-05_14-29-18,2026-06-09_21-44-18,2026,29
EpochClockModel,rbouckaert/EpochClockModel,v0.0.2,2026-05-05_14-29-18,2026-06-09_21-44-18,2026,3
TyCHE,hoehnlab/tyche,v0.0.10,2026-05-05_14-29-18,2026-06-09_21-44-18,2026,31
TyCHE,hoehnlab/tyche,v0.0.7,2026-05-05_14-29-18,2026-06-09_21-44-18,2026,2
TyCHE,hoehnlab/tyche,v0.0.3,2026-05-05_14-29-18,2026-06-09_21-44-18,2026,1
TargetedBeast,nicfel/targetedbeast,v.1.0.0,2026-05-05_14-29-18,2026-06-09_21-44-18,2026,18
TargetedBeast,nicfel/targetedbeast,v0.8.0,2026-05-05_14-29-18,2026-06-09_21-44-18,2026,1
BEAST2Lang,CompEvol/beast2lang,0.0.1,2026-05-05_14-29-18,2026-06-09_21-44-18,2026,2
BEAST.base,CompEvol/beast2,v2.7.8,2026-06-09_21-44-18,2026-07-05_21-06-02,2026,558
BEAST.base,CompEvol/beast2,v2.7.8,2026-06-09_21-44-18,2026-07-05_21-06-02,2026,556
BEAST.base,CompEvol/beast2,v2.7.7,2026-06-09_21-44-18,2026-07-05_21-06-02,2026,12
BEAST.base,CompEvol/beast2,v2.7.7,2026-06-09_21-44-18,2026-07-05_21-06-02,2026,19
BEAST.base,CompEvol/beast2,v2.7.7,2026-06-09_21-44-18,2026-07-05_21-06-02,2026,700
BEAST.base,CompEvol/beast2,v2.7.6,2026-06-09_21-44-18,2026-07-05_21-06-02,2026,2
BEAST.base,CompEvol/beast2,v2.7.6,2026-06-09_21-44-18,2026-07-05_21-06-02,2026,2
BEAST.base,CompEvol/beast2,v2.7.6,2026-06-09_21-44-18,2026-07-05_21-06-02,2026,4
BEAST.base,CompEvol/beast2,v2.7.5,2026-06-09_21-44-18,2026-07-05_21-06-02,2026,1
BEAST.base,CompEvol/beast2,v2.7.5,2026-06-09_21-44-18,2026-07-05_21-06-02,2026,3
BEAST.base,CompEvol/beast2,v2.7.4,2026-06-09_21-44-18,2026-07-05_21-06-02,2026,3
BEAST.base,CompEvol/beast2,v2.7.3,2026-06-09_21-44-18,2026-07-05_21-06-02,2026,1
BEAST.base,CompEvol/beast2,v2.7.0,2026-06-09_21-44-18,2026-07-05_21-06-02,2026,1
BEAST.base,CompEvol/beast2,v2.6.7,2026-06-09_21-44-18,2026-07-05_21-06-02,2026,3
BEAST.base,CompEvol/beast2,v2.6.7,2026-06-09_21-44-18,2026-07-05_21-06-02,2026,4
BEAST.base,CompEvol/beast2,v2.6.7,2026-06-09_21-44-18,2026-07-05_21-06-02,2026,13
BEAST.base,CompEvol/beast2,v2.6.6,2026-06-09_21-44-18,2026-07-05_21-06-02,2026,3
BEAST.base,CompEvol/beast2,v2.6.4,2026-06-09_21-44-18,2026-07-05_21-06-02,2026,1
BEAST.base,CompEvol/beast2,v2.6.3,2026-06-09_21-44-18,2026-07-05_21-06-02,2026,1
BEAST.base,CompEvol/beast2,v2.6.3,2026-06-09_21-44-18,2026-07-05_21-06-02,2026,4
BEAST.base,CompEvol/beast2,v2.6.3,2026-06-09_21-44-18,2026-07-05_21-06-02,2026,2
BEAST.base,CompEvol/beast2,v2.6.2,2026-06-09_21-44-18,2026-07-05_21-06-02,2026,1
BEAST.base,CompEvol/beast2,v2.5.1,2026-06-09_21-44-18,2026-07-05_21-06-02,2026,1
BEAST.base,CompEvol/beast2,v2.4.8,2026-06-09_21-44-18,2026-07-05_21-06-02,2026,1
BEAST.base,CompEvol/beast2,v2.4.8,2026-06-09_21-44-18,2026-07-05_21-06-02,2026,4
BEAST.base,CompEvol/beast2,v2.4.7,2026-06-09_21-44-18,2026-07-05_21-06-02,2026,1
BEAST.base,CompEvol/beast2,v2.4.2,2026-06-09_21-44-18,2026-07-05_21-06-02,2026,1
BEAST.base,CompEvol/beast2,v2.4.0,2026-06-09_21-44-18,2026-07-05_21-06-02,2026,1
BEAST.base,CompEvol/beast2,v2.4.0,2026-06-09_21-44-18,2026-07-05_21-06-02,2026,1
BEAST.base,CompEvol/beast2,v2.3.0,2026-06-09_21-44-18,2026-07-05_21-06-02,2026,1
BEAST.base,CompEvol/beast2,v2.1.1,2026-06-09_21-44-18,2026-07-05_21-06-02,2026,1
BEASTLabs,BEAST2-Dev/BEASTLabs,v2.1.0-beta1,2026-06-09_21-44-18,2026-07-05_21-06-02,2026,7
BEASTLabs,BEAST2-Dev/BEASTLabs,v2.0.0,2026-06-09_21-44-18,2026-07-05_21-06-02,2026,7
BEASTLabs,BEAST2-Dev/BEASTLabs,v2.0.0,2026-06-09_21-44-18,2026-07-05_21-06-02,2026,1
BEASTLabs,BEAST2-Dev/BEASTLabs,v2.0.0,2026-06-09_21-44-18,2026-07-05_21-06-02,2026,3
BEASTLabs,BEAST2-Dev/BEASTLabs,v2.0.0,2026-06-09_21-44-18,2026-07-05_21-06-02,2026,527
BEASTLabs,BEAST2-Dev/BEASTLabs,v1.9.0,2026-06-09_21-44-18,2026-07-05_21-06-02,2026,1
BEASTLabs,BEAST2-Dev/BEASTLabs,v1.8.0,2026-06-09_21-44-18,2026-07-05_21-06-02,2026,1
BEASTLabs,BEAST2-Dev/BEASTLabs,v1.7.0,2026-06-09_21-44-18,2026-07-05_21-06-02,2026,1
BEASTLabs,BEAST2-Dev/BEASTLabs,v1.5.0,2026-06-09_21-44-18,2026-07-05_21-06-02,2026,3
bModelTest,BEAST2-Dev/bModelTest,v1.3.3,2026-06-09_21-44-18,2026-07-05_21-06-02,2026,84
bModelTest,BEAST2-Dev/bModelTest,v.1.3.2,2026-06-09_21-44-18,2026-07-05_21-06-02,2026,1
OBAMA,rbouckaert/obama,v.1.1.1,2026-06-09_21-44-18,2026-07-05_21-06-02,2026,9
OBAMA,rbouckaert/obama,v0.2.0,2026-06-09_21-44-18,2026-07-05_21-06-02,2026,2
BICEPS,rbouckaert/biceps,v1.1.2,2026-06-09_21-44-18,2026-07-05_21-06-02,2026,29
ORC,jordandouglas/ORC,v1.3.1,2026-06-09_21-44-18,2026-07-05_21-06-02,2026,12
ORC,jordandouglas/ORC,v1.3.0,2026-06-09_21-44-18,2026-07-05_21-06-02,2026,2
ORC,jordandouglas/ORC,v1.2.1,2026-06-09_21-44-18,2026-07-05_21-06-02,2026,455
ORC,jordandouglas/ORC,v1.2.0,2026-06-09_21-44-18,2026-07-05_21-06-02,2026,1
ORC,jordandouglas/ORC,v1.0.0,2026-06-09_21-44-18,2026-07-05_21-06-02,2026,1
speedemon,rbouckaert/speedemon,publish,2026-06-09_21-44-18,2026-07-05_21-06-02,2026,15
gammaspike,jordandouglas/GammaSpikeModel,v1.2.0,2026-06-09_21-44-18,2026-07-05_21-06-02,2026,9
resub,jordandouglas/resub,v1.0.0,2026-06-09_21-44-18,2026-07-05_21-06-02,2026,7
contraband,fkmendes/contraband,v1.0.2,2026-06-09_21-44-18,2026-07-05_21-06-02,2026,9
Babel,rbouckaert/Babel,v0.4.0,2026-06-09_21-44-18,2026-07-05_21-06-02,2026,21
BEAST_CLASSIC,BEAST2-Dev/beast-classic,v1.7.0-beta1,2026-06-09_21-44-18,2026-07-05_21-06-02,2026,1
BEAST_CLASSIC,BEAST2-Dev/beast-classic,v1.6.0,2026-06-09_21-44-18,2026-07-05_21-06-02,2026,2
BEAST_CLASSIC,BEAST2-Dev/beast-classic,v1.6.0,2026-06-09_21-44-18,2026-07-05_21-06-02,2026,91
BEAST_CLASSIC,BEAST2-Dev/beast-classic,v1.3.0,2026-06-09_21-44-18,2026-07-05_21-06-02,2026,4
SNAPP,BEAST2-Dev/SNAPP,v1.6.0,2026-06-09_21-44-18,2026-07-05_21-06-02,2026,1
SNAPP,BEAST2-Dev/SNAPP,v1.6.0,2026-06-09_21-44-18,2026-07-05_21-06-02,2026,89
SNAPP,BEAST2-Dev/SNAPP,v1.2.0,2026-06-09_21-44-18,2026-07-05_21-06-02,2026,1
snapper,rbouckaert/snapper,v1.1.0,2026-06-09_21-44-18,2026-07-05_21-06-02,2026,61
TreeStat2,alexeid/TreeStat2,v0.2.0,2026-06-09_21-44-18,2026-07-05_21-06-02,2026,12
starbeast3,rbouckaert/starbeast3,v1.2.1,2026-06-09_21-44-18,2026-07-05_21-06-02,2026,415
starbeast3,rbouckaert/starbeast3,v1.1.9,2026-06-09_21-44-18,2026-07-05_21-06-02,2026,1
starbeast3,rbouckaert/starbeast3,v0.0.1,2026-06-09_21-44-18,2026-07-05_21-06-02,2026,1
SpeciesNetwork,zhangchicool/speciesnetwork,v1.0.0,2026-06-09_21-44-18,2026-07-05_21-06-02,2026,8
SpeciesNetwork,zhangchicool/speciesnetwork,v0.13.0,2026-06-09_21-44-18,2026-07-05_21-06-02,2026,1
MODEL_SELECTION,BEAST2-Dev/model-selection,v1.6.0,2026-06-09_21-44-18,2026-07-05_21-06-02,2026,66
MODEL_SELECTION,BEAST2-Dev/model-selection,v1.5.0,2026-06-09_21-44-18,2026-07-05_21-06-02,2026,1
MODEL_SELECTION,BEAST2-Dev/model-selection,v1.4.0,2026-06-09_21-44-18,2026-07-05_21-06-02,2026,1
MODEL_SELECTION,BEAST2-Dev/model-selection,v1.3.0,2026-06-09_21-44-18,2026-07-05_21-06-02,2026,1
MODEL_SELECTION,BEAST2-Dev/model-selection,v1.1.0,2026-06-09_21-44-18,2026-07-05_21-06-02,2026,2
NS,BEAST2-Dev/nested-sampling,v1.2.0,2026-06-09_21-44-18,2026-07-05_21-06-02,2026,1
NS,BEAST2-Dev/nested-sampling,v1.2.0,2026-06-09_21-44-18,2026-07-05_21-06-02,2026,28
NS,BEAST2-Dev/nested-sampling,v1.1.0,2026-06-09_21-44-18,2026-07-05_21-06-02,2026,1
NS,BEAST2-Dev/nested-sampling,v1.0.0,2026-06-09_21-44-18,2026-07-05_21-06-02,2026,2
CoupledMCMC,nicfel/CoupledMCMC,v1.3.0-beta1,2026-06-09_21-44-18,2026-07-05_21-06-02,2026,2
CoupledMCMC,nicfel/CoupledMCMC,v1.2.0,2026-06-09_21-44-18,2026-07-05_21-06-02,2026,1
CoupledMCMC,nicfel/CoupledMCMC,v1.2.0,2026-06-09_21-44-18,2026-07-05_21-06-02,2026,21
CoupledMCMC,nicfel/CoupledMCMC,v1.1.0,2026-06-09_21-44-18,2026-07-05_21-06-02,2026,2
CoupledMCMC,nicfel/CoupledMCMC,v0.1.7,2026-06-09_21-44-18,2026-07-05_21-06-02,2026,1
MM,CompEvol/morph-models,v1.2.0,2026-06-09_21-44-18,2026-07-05_21-06-02,2026,59
MM,CompEvol/morph-models,1.0.5,2026-06-09_21-44-18,2026-07-05_21-06-02,2026,1
GEO_SPHERE,BEAST2-Dev/beast-geo,v1.4.0,2026-06-09_21-44-18,2026-07-05_21-06-02,2026,38
GEO_SPHERE,BEAST2-Dev/beast-geo,v1.1.0,2026-06-09_21-44-18,2026-07-05_21-06-02,2026,1
BREAK_AWAY,rbouckaert/break-away,v1.2.0,2026-06-09_21-44-18,2026-07-05_21-06-02,2026,7
SSM,BEAST2-Dev/substmodels,v1.3.0,2026-06-09_21-44-18,2026-07-05_21-06-02,2026,1
SSM,BEAST2-Dev/substmodels,v1.2.0,2026-06-09_21-44-18,2026-07-05_21-06-02,2026,56
SSM,BEAST2-Dev/substmodels,v1.0.1,2026-06-09_21-44-18,2026-07-05_21-06-02,2026,1
MGSM,BEAST2-Dev/MGSM,v0.4.0,2026-06-09_21-44-18,2026-07-05_21-06-02,2026,7
SA,CompEvol/sampled-ancestors,v2.1.1,2026-06-09_21-44-18,2026-07-05_21-06-02,2026,411
SA,CompEvol/sampled-ancestors,v2.1.0,2026-06-09_21-44-18,2026-07-05_21-06-02,2026,1
SA,CompEvol/sampled-ancestors,v2.0.2,2026-06-09_21-44-18,2026-07-05_21-06-02,2026,5
SA,CompEvol/sampled-ancestors,v1.1.7,2026-06-09_21-44-18,2026-07-05_21-06-02,2026,1
BDSKY,BEAST2-Dev/bdsky,v1.5.1,2026-06-09_21-44-18,2026-07-05_21-06-02,2026,87
BDSKY,BEAST2-Dev/bdsky,v1.4.8,2026-06-09_21-44-18,2026-07-05_21-06-02,2026,4
BDSKY,BEAST2-Dev/bdsky,1.4.5,2026-06-09_21-44-18,2026-07-05_21-06-02,2026,1
BDSKY,BEAST2-Dev/bdsky,1.3.2,2026-06-09_21-44-18,2026-07-05_21-06-02,2026,1
feast,tgvaughan/feast,v11.0.1,2026-06-09_21-44-18,2026-07-05_21-06-02,2026,1
feast,tgvaughan/feast,v11.0.0,2026-06-09_21-44-18,2026-07-05_21-06-02,2026,1
feast,tgvaughan/feast,v10.6.1,2026-06-09_21-44-18,2026-07-05_21-06-02,2026,48
feast,tgvaughan/feast,v10.6.0,2026-06-09_21-44-18,2026-07-05_21-06-02,2026,1
feast,tgvaughan/feast,v10.3.1,2026-06-09_21-44-18,2026-07-05_21-06-02,2026,1
feast,tgvaughan/feast,v9.8.5,2026-06-09_21-44-18,2026-07-05_21-06-02,2026,3
feast,tgvaughan/feast,v9.8.3,2026-06-09_21-44-18,2026-07-05_21-06-02,2026,1
feast,tgvaughan/feast,v9.8.0,2026-06-09_21-44-18,2026-07-05_21-06-02,2026,1
feast,tgvaughan/feast,v9.7.1,2026-06-09_21-44-18,2026-07-05_21-06-02,2026,1
feast,tgvaughan/feast,v8.4.0,2026-06-09_21-44-18,2026-07-05_21-06-02,2026,8
feast,tgvaughan/feast,v1.5.0,2026-06-09_21-44-18,2026-07-05_21-06-02,2026,1
feast,tgvaughan/feast,v1.4.0,2026-06-09_21-44-18,2026-07-05_21-06-02,2026,1
feast,tgvaughan/feast,v1.2.0,2026-06-09_21-44-18,2026-07-05_21-06-02,2026,1
TiDeTree,seidels/tidetree,v1.0.1,2026-06-09_21-44-18,2026-07-05_21-06-02,2026,9
MultiTypeTree,tgvaughan/MultiTypeTree,v8.3.0,2026-06-09_21-44-18,2026-07-05_21-06-02,2026,43
MultiTypeTree,tgvaughan/MultiTypeTree,v7.0.2,2026-06-09_21-44-18,2026-07-05_21-06-02,2026,5
MultiTypeTree,tgvaughan/MultiTypeTree,v7.0.1,2026-06-09_21-44-18,2026-07-05_21-06-02,2026,3
MultiTypeTree,tgvaughan/MultiTypeTree,v7.0.0,2026-06-09_21-44-18,2026-07-05_21-06-02,2026,4
MultiTypeTree,tgvaughan/MultiTypeTree,v6.2.0,2026-06-09_21-44-18,2026-07-05_21-06-02,2026,1
MASTER,tgvaughan/MASTER,v7.0.0,2026-06-09_21-44-18,2026-07-05_21-06-02,2026,23
MASTER,tgvaughan/MASTER,v6.1.2,2026-06-09_21-44-18,2026-07-05_21-06-02,2026,7
MASTER,tgvaughan/MASTER,v6.1.1,2026-06-09_21-44-18,2026-07-05_21-06-02,2026,4
ReMASTER,tgvaughan/remaster,v2.7.4,2026-06-09_21-44-18,2026-07-05_21-06-02,2026,21
ReMASTER,tgvaughan/remaster,v2.3.0,2026-06-09_21-44-18,2026-07-05_21-06-02,2026,1
Mascot,nicfel/Mascot,v3.1.0-beta1,2026-06-09_21-44-18,2026-07-05_21-06-02,2026,4
Mascot,nicfel/Mascot,v3.0.7,2026-06-09_21-44-18,2026-07-05_21-06-02,2026,48
Mascot,nicfel/Mascot,v3.0.6,2026-06-09_21-44-18,2026-07-05_21-06-02,2026,1
Mascot,nicfel/Mascot,v3.0.3,2026-06-09_21-44-18,2026-07-05_21-06-02,2026,1
Mascot,nicfel/Mascot,v2.2.0,2026-06-09_21-44-18,2026-07-05_21-06-02,2026,1
Mascot,nicfel/Mascot,v2.1.2,2026-06-09_21-44-18,2026-07-05_21-06-02,2026,1
Mascot,nicfel/Mascot,v0.0.3,2026-06-09_21-44-18,2026-07-05_21-06-02,2026,1
Mascot,nicfel/Mascot,v0.0.2,2026-06-09_21-44-18,2026-07-05_21-06-02,2026,1
Mascot,nicfel/Mascot,v0.0.1,2026-06-09_21-44-18,2026-07-05_21-06-02,2026,1
Recombination,nicfel/Recombination,v1.0.1,2026-06-09_21-44-18,2026-07-05_21-06-02,2026,9
CoalRe,nicfel/CoalRe,v3.0.3,2026-06-09_21-44-18,2026-07-05_21-06-02,2026,9
CoalRe,nicfel/CoalRe,v1.0.4,2026-06-09_21-44-18,2026-07-05_21-06-02,2026,12
CodonSubstModels,BEAST2-Dev/codonsubstmodels,v2.0.0,2026-06-09_21-44-18,2026-07-05_21-06-02,2026,14
timtam,aezarebski/timtam2,v0.4.0,2026-06-09_21-44-18,2026-07-05_21-06-02,2026,7
timtam,aezarebski/timtam2,v0.3.1,2026-06-09_21-44-18,2026-07-05_21-06-02,2026,1
BEASTvntr,arjun-1/BEASTvntr,v0.2.0,2026-06-09_21-44-18,2026-07-05_21-06-02,2026,6
PIQMEE,boskovav/piqmee,v1.1.0,2026-06-09_21-44-18,2026-07-05_21-06-02,2026,10
EpiInf,tgvaughan/epiinf,v8.0.1,2026-06-09_21-44-18,2026-07-05_21-06-02,2026,1
EpiInf,tgvaughan/epiinf,v8.0.0,2026-06-09_21-44-18,2026-07-05_21-06-02,2026,7
EpiInf,tgvaughan/epiinf,v7.5.2,2026-06-09_21-44-18,2026-07-05_21-06-02,2026,2
EpiInf,tgvaughan/epiinf,v7.3.0,2026-06-09_21-44-18,2026-07-05_21-06-02,2026,1
EpiInf,tgvaughan/epiinf,v7.1.4,2026-06-09_21-44-18,2026-07-05_21-06-02,2026,2
EpiInf,tgvaughan/epiinf,v7.1.3,2026-06-09_21-44-18,2026-07-05_21-06-02,2026,1
EpiInf,tgvaughan/epiinf,v7.0.0,2026-06-09_21-44-18,2026-07-05_21-06-02,2026,1
EpiInf,tgvaughan/epiinf,v5.0.0,2026-06-09_21-44-18,2026-07-05_21-06-02,2026,1
EpiInf,tgvaughan/epiinf,v1.0.0-pre,2026-06-09_21-44-18,2026-07-05_21-06-02,2026,1
FastRelaxedClockLogNormal,Rong419/ConstantDistanceOperator,v1.2.0,2026-06-09_21-44-18,2026-07-05_21-06-02,2026,7
bacter,tgvaughan/bacter,v3.0.1,2026-06-09_21-44-18,2026-07-05_21-06-02,2026,10
bacter,tgvaughan/bacter,v2.2.5,2026-06-09_21-44-18,2026-07-05_21-06-02,2026,3
bacter,tgvaughan/bacter,v2.1.0,2026-06-09_21-44-18,2026-07-05_21-06-02,2026,1
bacter,tgvaughan/bacter,v1.2.2,2026-06-09_21-44-18,2026-07-05_21-06-02,2026,1
StarBEAST2,genomescale/starbeast2,v1.0.0,2026-06-09_21-44-18,2026-07-05_21-06-02,2026,9
StarBEAST2,genomescale/starbeast2,v1.0.0,2026-06-09_21-44-18,2026-07-05_21-06-02,2026,2
StarBEAST2,genomescale/starbeast2,v1.0.0,2026-06-09_21-44-18,2026-07-05_21-06-02,2026,2
StarBEAST2,genomescale/starbeast2,v1.0.0,2026-06-09_21-44-18,2026-07-05_21-06-02,2026,33
StarBEAST2,genomescale/starbeast2,v0.15.5,2026-06-09_21-44-18,2026-07-05_21-06-02,2026,1
StarBEAST2,genomescale/starbeast2,v0.14.0,2026-06-09_21-44-18,2026-07-05_21-06-02,2026,1
bdtree,fkmendes/bdtree,v.0.0.2,2026-06-09_21-44-18,2026-07-05_21-06-02,2026,13
bdmm,denisekuehnert/bdmm,v2.0.0,2026-06-09_21-44-18,2026-07-05_21-06-02,2026,21
bdmm,denisekuehnert/bdmm,v1.0.2,2026-06-09_21-44-18,2026-07-05_21-06-02,2026,6
bdmm,denisekuehnert/bdmm,0.3.1,2026-06-09_21-44-18,2026-07-05_21-06-02,2026,4
PhyDyn,mrc-ide/PhyDyn,v1.4.0,2026-06-09_21-44-18,2026-07-05_21-06-02,2026,9
CA,BEAST2-Dev/cladeage,v2.1.0,2026-06-09_21-44-18,2026-07-05_21-06-02,2026,12
CA,BEAST2-Dev/cladeage,v1.2.0,2026-06-09_21-44-18,2026-07-05_21-06-02,2026,3
CA,BEAST2-Dev/cladeage,v1.1.0,2026-06-09_21-44-18,2026-07-05_21-06-02,2026,1
phylodynamics,BEAST2-Dev/phylodynamics,v1.5.0,2026-06-09_21-44-18,2026-07-05_21-06-02,2026,36
PopFunc,LinguaPhylo/PopFunc,v0.0.1,2026-06-09_21-44-18,2026-07-05_21-06-02,2026,7
phylonco,bioDS/beast-phylonco,v1.2.1-patch,2026-06-09_21-44-18,2026-07-05_21-06-02,2026,10
phylonco,bioDS/beast-phylonco,v1.2.1,2026-06-09_21-44-18,2026-07-05_21-06-02,2026,1
phylonco,bioDS/beast-phylonco,v1.2.1,2026-06-09_21-44-18,2026-07-05_21-06-02,2026,8
phylonco,bioDS/beast-phylonco,v0.0.7-pre,2026-06-09_21-44-18,2026-07-05_21-06-02,2026,1
lphybeast,LinguaPhylo/LPhyBeast,1.3.0,2026-06-09_21-44-18,2026-07-05_21-06-02,2026,13
lphybeast,LinguaPhylo/LPhyBeast,1.2.1,2026-06-09_21-44-18,2026-07-05_21-06-02,2026,1
lphybeast,LinguaPhylo/LPhyBeast,1.2.0,2026-06-09_21-44-18,2026-07-05_21-06-02,2026,6
contacTrees,NicoNeureiter/contacTrees,v1.2.0,2026-06-09_21-44-18,2026-07-05_21-06-02,2026,11
FixedTreeAnalysis,rbouckaert/FixedTreeAnalysis,v0.0.2,2026-06-09_21-44-18,2026-07-05_21-06-02,2026,41
CCD,CompEvol/CCD,v1.0.3,2026-06-09_21-44-18,2026-07-05_21-06-02,2026,383
CCD,CompEvol/CCD,v1.0.1,2026-06-09_21-44-18,2026-07-05_21-06-02,2026,1
CCD,CompEvol/CCD,v0.0.1,2026-06-09_21-44-18,2026-07-05_21-06-02,2026,1
FLC,4ment/flc,v1.2.0,2026-06-09_21-44-18,2026-07-05_21-06-02,2026,8
CubeVB,rbouckaert/cubevb,v1.0.0,2026-06-09_21-44-18,2026-07-05_21-06-02,2026,7
FreeRateModel,BEAST2-Dev/FreeRateModel,v1.0.0,2026-06-09_21-44-18,2026-07-05_21-06-02,2026,11
BDMM-Prime,tgvaughan/BDMM-Prime,v2.7.2,2026-06-09_21-44-18,2026-07-05_21-06-02,2026,67
BDMM-Prime,tgvaughan/BDMM-Prime,v3.0.0,2026-06-09_21-44-18,2026-07-05_21-06-02,2026,1
BDMM-Prime,tgvaughan/BDMM-Prime,v2.7.1,2026-06-09_21-44-18,2026-07-05_21-06-02,2026,18
ASM,rbouckaert/asm,v0.0.1,2026-06-09_21-44-18,2026-07-05_21-06-02,2026,5
AlmostDistributions,rbouckaert/AlmostDistributions,v0.2.0,2026-06-09_21-44-18,2026-07-05_21-06-02,2026,1
AlmostDistributions,rbouckaert/AlmostDistributions,v0.2.0,2026-06-09_21-44-18,2026-07-05_21-06-02,2026,2
IndelDollo,jordandouglas/IndelDollo,0.0.1,2026-06-09_21-44-18,2026-07-05_21-06-02,2026,1
HetMM,jordandouglas/HetMM,v0.0.1,2026-06-09_21-44-18,2026-07-05_21-06-02,2026,1
beastmap,jordandouglas/BeastMap,v0.0.3,2026-06-09_21-44-18,2026-07-05_21-06-02,2026,3
FoldBeast,jordandouglas/FoldBeast,v0.0.2,2026-06-09_21-44-18,2026-07-05_21-06-02,2026,2
BREATH,rbouckaert/transmission,v0.0.6,2026-06-09_21-44-18,2026-07-05_21-06-02,2026,21
BREATH,rbouckaert/transmission,v0.0.5,2026-06-09_21-44-18,2026-07-05_21-06-02,2026,1
BREATH,rbouckaert/transmission,v0.0.4,2026-06-09_21-44-18,2026-07-05_21-06-02,2026,1
BREATH,rbouckaert/transmission,v0.0.1,2026-06-09_21-44-18,2026-07-05_21-06-02,2026,2
5rf,rbouckaert/5rf,v0.0.1,2026-06-09_21-44-18,2026-07-05_21-06-02,2026,1
RBS,BEAST2-Dev/rb-beast,v1.5.0,2026-06-09_21-44-18,2026-07-05_21-06-02,2026,1
RBS,BEAST2-Dev/rb-beast,v1.3.0,2026-06-09_21-44-18,2026-07-05_21-06-02,2026,1
rootfreqs,rbouckaert/rootfreqs,v0.0.2,2026-06-09_21-44-18,2026-07-05_21-06-02,2026,5
TyCHE,hoehnlab/tyche,v0.0.10,2026-06-09_21-44-18,2026-07-05_21-06-02,2026,5
TargetedBeast,nicfel/targetedbeast,v.1.0.0,2026-06-09_21-44-18,2026-07-05_21-06-02,2026,5
BEAST.base,CompEvol/beast2,v2.7.8,2026-07-05_21-06-02,2026-08-18_22-06-11,2026,1219
BEAST.base,CompEvol/beast2,v2.7.8,2026-07-05_21-06-02,2026-08-18_22-06-11,2026,1271
BEAST.base,CompEvol/beast2,v2.7.7,2026-07-05_21-06-02,2026-08-18_22-06-11,2026,29
BEAST.base,CompEvol/beast2,v2.7.7,2026-07-05_21-06-02,2026-08-18_22-06-11,2026,31
BEAST.base,CompEvol/beast2,v2.7.7,2026-07-05_21-06-02,2026-08-18_22-06-11,2026,941
BEAST.base,CompEvol/beast2,v2.7.6,2026-07-05_21-06-02,2026-08-18_22-06-11,2026,1
BEAST.base,CompEvol/beast2,v2.7.6,2026-07-05_21-06-02,2026-08-18_22-06-11,2026,1
BEAST.base,CompEvol/beast2,v2.7.6,2026-07-05_21-06-02,2026-08-18_22-06-11,2026,16
BEAST.base,CompEvol/beast2,v2.7.5,2026-07-05_21-06-02,2026-08-18_22-06-11,2026,1
BEAST.base,CompEvol/beast2,v2.7.5,2026-07-05_21-06-02,2026-08-18_22-06-11,2026,9
BEAST.base,CompEvol/beast2,v2.7.4,2026-07-05_21-06-02,2026-08-18_22-06-11,2026,1
BEAST.base,CompEvol/beast2,v2.7.4,2026-07-05_21-06-02,2026-08-18_22-06-11,2026,7
BEAST.base,CompEvol/beast2,v2.7.3,2026-07-05_21-06-02,2026-08-18_22-06-11,2026,1
BEAST.base,CompEvol/beast2,v2.7.3,2026-07-05_21-06-02,2026-08-18_22-06-11,2026,1
BEAST.base,CompEvol/beast2,v2.7.1,2026-07-05_21-06-02,2026-08-18_22-06-11,2026,1
BEAST.base,CompEvol/beast2,v2.6.7,2026-07-05_21-06-02,2026-08-18_22-06-11,2026,9
BEAST.base,CompEvol/beast2,v2.6.7,2026-07-05_21-06-02,2026-08-18_22-06-11,2026,8
BEAST.base,CompEvol/beast2,v2.6.7,2026-07-05_21-06-02,2026-08-18_22-06-11,2026,5
BEAST.base,CompEvol/beast2,v2.6.6,2026-07-05_21-06-02,2026-08-18_22-06-11,2026,2
BEAST.base,CompEvol/beast2,v2.6.6,2026-07-05_21-06-02,2026-08-18_22-06-11,2026,1
BEAST.base,CompEvol/beast2,v2.6.4,2026-07-05_21-06-02,2026-08-18_22-06-11,2026,1
BEAST.base,CompEvol/beast2,v2.6.4,2026-07-05_21-06-02,2026-08-18_22-06-11,2026,7
BEAST.base,CompEvol/beast2,v2.6.3,2026-07-05_21-06-02,2026-08-18_22-06-11,2026,3
BEAST.base,CompEvol/beast2,v2.6.3,2026-07-05_21-06-02,2026-08-18_22-06-11,2026,2
BEAST.base,CompEvol/beast2,v2.6.2,2026-07-05_21-06-02,2026-08-18_22-06-11,2026,1
BEAST.base,CompEvol/beast2,v2.6.0,2026-07-05_21-06-02,2026-08-18_22-06-11,2026,1
BEAST.base,CompEvol/beast2,v2.6.0,2026-07-05_21-06-02,2026-08-18_22-06-11,2026,1
BEAST.base,CompEvol/beast2,v2.5.0,2026-07-05_21-06-02,2026-08-18_22-06-11,2026,1
BEAST.base,CompEvol/beast2,v2.4.8,2026-07-05_21-06-02,2026-08-18_22-06-11,2026,3
BEAST.base,CompEvol/beast2,v2.4.8,2026-07-05_21-06-02,2026-08-18_22-06-11,2026,1
BEASTLabs,BEAST2-Dev/BEASTLabs,v2.1.0-beta1,2026-07-05_21-06-02,2026-08-18_22-06-11,2026,8
BEASTLabs,BEAST2-Dev/BEASTLabs,v2.0.0,2026-07-05_21-06-02,2026-08-18_22-06-11,2026,12
BEASTLabs,BEAST2-Dev/BEASTLabs,v2.0.0,2026-07-05_21-06-02,2026-08-18_22-06-11,2026,3
BEASTLabs,BEAST2-Dev/BEASTLabs,v2.0.0,2026-07-05_21-06-02,2026-08-18_22-06-11,2026,1066
BEASTLabs,BEAST2-Dev/BEASTLabs,v1.9.0,2026-07-05_21-06-02,2026-08-18_22-06-11,2026,1
BEASTLabs,BEAST2-Dev/BEASTLabs,v1.9.0,2026-07-05_21-06-02,2026-08-18_22-06-11,2026,5
BEASTLabs,BEAST2-Dev/BEASTLabs,v1.8.0,2026-07-05_21-06-02,2026-08-18_22-06-11,2026,33
BEASTLabs,BEAST2-Dev/BEASTLabs,v1.7.0,2026-07-05_21-06-02,2026-08-18_22-06-11,2026,5
BEASTLabs,BEAST2-Dev/BEASTLabs,v1.5.0,2026-07-05_21-06-02,2026-08-18_22-06-11,2026,1
BEASTLabs,BEAST2-Dev/BEASTLabs,v1.3.0,2026-07-05_21-06-02,2026-08-18_22-06-11,2026,1
bModelTest,BEAST2-Dev/bModelTest,v1.4.0,2026-07-05_21-06-02,2026-08-18_22-06-11,2026,3
bModelTest,BEAST2-Dev/bModelTest,v1.3.3,2026-07-05_21-06-02,2026-08-18_22-06-11,2026,169
bModelTest,BEAST2-Dev/bModelTest,v1.3.0,2026-07-05_21-06-02,2026-08-18_22-06-11,2026,1
bModelTest,BEAST2-Dev/bModelTest,v1.2.0,2026-07-05_21-06-02,2026-08-18_22-06-11,2026,1
bModelTest,BEAST2-Dev/bModelTest,v1.2.0,2026-07-05_21-06-02,2026-08-18_22-06-11,2026,2
bModelTest,BEAST2-Dev/bModelTest,v1.1.0,2026-07-05_21-06-02,2026-08-18_22-06-11,2026,1
OBAMA,rbouckaert/obama,v.1.1.1,2026-07-05_21-06-02,2026-08-18_22-06-11,2026,26
OBAMA,rbouckaert/obama,v1.1.0,2026-07-05_21-06-02,2026-08-18_22-06-11,2026,1
OBAMA,rbouckaert/obama,v0.2.0,2026-07-05_21-06-02,2026-08-18_22-06-11,2026,2
BICEPS,rbouckaert/biceps,v1.1.2,2026-07-05_21-06-02,2026-08-18_22-06-11,2026,23
BICEPS,rbouckaert/biceps,v1.1.0,2026-07-05_21-06-02,2026-08-18_22-06-11,2026,1
ORC,jordandouglas/ORC,v1.3.1,2026-07-05_21-06-02,2026-08-18_22-06-11,2026,15
ORC,jordandouglas/ORC,v1.2.1,2026-07-05_21-06-02,2026-08-18_22-06-11,2026,907
ORC,jordandouglas/ORC,v1.2.0,2026-07-05_21-06-02,2026-08-18_22-06-11,2026,4
ORC,jordandouglas/ORC,v1.1.0,2026-07-05_21-06-02,2026-08-18_22-06-11,2026,1
ORC,jordandouglas/ORC,v1.0.0,2026-07-05_21-06-02,2026-08-18_22-06-11,2026,1
ORC,jordandouglas/ORC,v1.0.0,2026-07-05_21-06-02,2026-08-18_22-06-11,2026,2
speedemon,rbouckaert/speedemon,publish,2026-07-05_21-06-02,2026-08-18_22-06-11,2026,17
gammaspike,jordandouglas/GammaSpikeModel,v1.2.0,2026-07-05_21-06-02,2026-08-18_22-06-11,2026,11
gammaspike,jordandouglas/GammaSpikeModel,v0.0.1,2026-07-05_21-06-02,2026-08-18_22-06-11,2026,1
resub,jordandouglas/resub,v1.0.0,2026-07-05_21-06-02,2026-08-18_22-06-11,2026,10
contraband,fkmendes/contraband,v1.0.2,2026-07-05_21-06-02,2026-08-18_22-06-11,2026,14
Babel,rbouckaert/Babel,v0.4.0,2026-07-05_21-06-02,2026-08-18_22-06-11,2026,20
BEAST_CLASSIC,BEAST2-Dev/beast-classic,v1.7.0-beta1,2026-07-05_21-06-02,2026-08-18_22-06-11,2026,12
BEAST_CLASSIC,BEAST2-Dev/beast-classic,v1.6.0,2026-07-05_21-06-02,2026-08-18_22-06-11,2026,2
BEAST_CLASSIC,BEAST2-Dev/beast-classic,v1.6.0,2026-07-05_21-06-02,2026-08-18_22-06-11,2026,1
BEAST_CLASSIC,BEAST2-Dev/beast-classic,v1.6.0,2026-07-05_21-06-02,2026-08-18_22-06-11,2026,1
BEAST_CLASSIC,BEAST2-Dev/beast-classic,v1.6.0,2026-07-05_21-06-02,2026-08-18_22-06-11,2026,679
BEAST_CLASSIC,BEAST2-Dev/beast-classic,v1.3.0,2026-07-05_21-06-02,2026-08-18_22-06-11,2026,1
BEAST_CLASSIC,BEAST2-Dev/beast-classic,v1.2.0,2026-07-05_21-06-02,2026-08-18_22-06-11,2026,1
BEAST_CLASSIC,BEAST2-Dev/beast-classic,v1.2.0,2026-07-05_21-06-02,2026-08-18_22-06-11,2026,1
SNAPP,BEAST2-Dev/SNAPP,v1.6.0,2026-07-05_21-06-02,2026-08-18_22-06-11,2026,5
SNAPP,BEAST2-Dev/SNAPP,v1.6.0,2026-07-05_21-06-02,2026-08-18_22-06-11,2026,95
SNAPP,BEAST2-Dev/SNAPP,v1.5.0,2026-07-05_21-06-02,2026-08-18_22-06-11,2026,2
SNAPP,BEAST2-Dev/SNAPP,v1.5.0,2026-07-05_21-06-02,2026-08-18_22-06-11,2026,1
SNAPP,BEAST2-Dev/SNAPP,v1.3.0,2026-07-05_21-06-02,2026-08-18_22-06-11,2026,1
SNAPP,BEAST2-Dev/SNAPP,v1.2.0,2026-07-05_21-06-02,2026-08-18_22-06-11,2026,1
snapper,rbouckaert/snapper,v1.1.0,2026-07-05_21-06-02,2026-08-18_22-06-11,2026,1
snapper,rbouckaert/snapper,v1.1.0,2026-07-05_21-06-02,2026-08-18_22-06-11,2026,59
TreeStat2,alexeid/TreeStat2,v0.2.0,2026-07-05_21-06-02,2026-08-18_22-06-11,2026,14
TreeStat2,alexeid/TreeStat2,v0.1.0,2026-07-05_21-06-02,2026-08-18_22-06-11,2026,1
TreeStat2,alexeid/TreeStat2,v0.1.0,2026-07-05_21-06-02,2026-08-18_22-06-11,2026,2
TreeStat2,alexeid/TreeStat2,v0.0.1,2026-07-05_21-06-02,2026-08-18_22-06-11,2026,2
starbeast3,rbouckaert/starbeast3,v1.2.1,2026-07-05_21-06-02,2026-08-18_22-06-11,2026,857
starbeast3,rbouckaert/starbeast3,v1.2.0,2026-07-05_21-06-02,2026-08-18_22-06-11,2026,1
starbeast3,rbouckaert/starbeast3,v.1.1.2,2026-07-05_21-06-02,2026-08-18_22-06-11,2026,1
starbeast3,rbouckaert/starbeast3,v1.1.0,2026-07-05_21-06-02,2026-08-18_22-06-11,2026,1
starbeast3,rbouckaert/starbeast3,v0.0.1,2026-07-05_21-06-02,2026-08-18_22-06-11,2026,1
SpeciesNetwork,zhangchicool/speciesnetwork,v1.0.0,2026-07-05_21-06-02,2026-08-18_22-06-11,2026,11
SpeciesNetwork,zhangchicool/speciesnetwork,v0.13.0,2026-07-05_21-06-02,2026-08-18_22-06-11,2026,2
MODEL_SELECTION,BEAST2-Dev/model-selection,v1.6.0,2026-07-05_21-06-02,2026-08-18_22-06-11,2026,2
MODEL_SELECTION,BEAST2-Dev/model-selection,v1.6.0,2026-07-05_21-06-02,2026-08-18_22-06-11,2026,128
MODEL_SELECTION,BEAST2-Dev/model-selection,v1.5.0,2026-07-05_21-06-02,2026-08-18_22-06-11,2026,2
MODEL_SELECTION,BEAST2-Dev/model-selection,v1.5.0,2026-07-05_21-06-02,2026-08-18_22-06-11,2026,1
MODEL_SELECTION,BEAST2-Dev/model-selection,v1.5.0,2026-07-05_21-06-02,2026-08-18_22-06-11,2026,4
MODEL_SELECTION,BEAST2-Dev/model-selection,v1.4.0,2026-07-05_21-06-02,2026-08-18_22-06-11,2026,1
MODEL_SELECTION,BEAST2-Dev/model-selection,v1.3.0,2026-07-05_21-06-02,2026-08-18_22-06-11,2026,3
MODEL_SELECTION,BEAST2-Dev/model-selection,v1.1.0,2026-07-05_21-06-02,2026-08-18_22-06-11,2026,2
NS,BEAST2-Dev/nested-sampling,v1.2.0,2026-07-05_21-06-02,2026-08-18_22-06-11,2026,1
NS,BEAST2-Dev/nested-sampling,v1.2.0,2026-07-05_21-06-02,2026-08-18_22-06-11,2026,44
NS,BEAST2-Dev/nested-sampling,v1.1.0,2026-07-05_21-06-02,2026-08-18_22-06-11,2026,2
NS,BEAST2-Dev/nested-sampling,v1.0.0,2026-07-05_21-06-02,2026-08-18_22-06-11,2026,1
NS,BEAST2-Dev/nested-sampling,v1.0.0,2026-07-05_21-06-02,2026-08-18_22-06-11,2026,2
NS,BEAST2-Dev/nested-sampling,v0.1.0,2026-07-05_21-06-02,2026-08-18_22-06-11,2026,2
CoupledMCMC,nicfel/CoupledMCMC,v1.3.0-beta1,2026-07-05_21-06-02,2026-08-18_22-06-11,2026,4
CoupledMCMC,nicfel/CoupledMCMC,v1.2.0,2026-07-05_21-06-02,2026-08-18_22-06-11,2026,3
CoupledMCMC,nicfel/CoupledMCMC,v1.2.0,2026-07-05_21-06-02,2026-08-18_22-06-11,2026,2
CoupledMCMC,nicfel/CoupledMCMC,v1.2.0,2026-07-05_21-06-02,2026-08-18_22-06-11,2026,64
CoupledMCMC,nicfel/CoupledMCMC,v1.1.0,2026-07-05_21-06-02,2026-08-18_22-06-11,2026,3
CoupledMCMC,nicfel/CoupledMCMC,v1.0.2,2026-07-05_21-06-02,2026-08-18_22-06-11,2026,2
CoupledMCMC,nicfel/CoupledMCMC,v1.0.1,2026-07-05_21-06-02,2026-08-18_22-06-11,2026,2
CoupledMCMC,nicfel/CoupledMCMC,v1.0.0,2026-07-05_21-06-02,2026-08-18_22-06-11,2026,1
CoupledMCMC,nicfel/CoupledMCMC,v0.1.8,2026-07-05_21-06-02,2026-08-18_22-06-11,2026,1
CoupledMCMC,nicfel/CoupledMCMC,v0.1.6,2026-07-05_21-06-02,2026-08-18_22-06-11,2026,1
CoupledMCMC,nicfel/CoupledMCMC,v0.1.5,2026-07-05_21-06-02,2026-08-18_22-06-11,2026,1
CoupledMCMC,nicfel/CoupledMCMC,v0.1.4,2026-07-05_21-06-02,2026-08-18_22-06-11,2026,1
CoupledMCMC,nicfel/CoupledMCMC,v0.1.3,2026-07-05_21-06-02,2026-08-18_22-06-11,2026,1
CoupledMCMC,nicfel/CoupledMCMC,v0.1.2,2026-07-05_21-06-02,2026-08-18_22-06-11,2026,1
CoupledMCMC,nicfel/CoupledMCMC,v0.1.1,2026-07-05_21-06-02,2026-08-18_22-06-11,2026,2
CoupledMCMC,nicfel/CoupledMCMC,v0.1.0,2026-07-05_21-06-02,2026-08-18_22-06-11,2026,2
CoupledMCMC,nicfel/CoupledMCMC,v0.0.1,2026-07-05_21-06-02,2026-08-18_22-06-11,2026,1
MM,CompEvol/morph-models,v1.3.0,2026-07-05_21-06-02,2026-08-18_22-06-11,2026,1
MM,CompEvol/morph-models,v1.2.0,2026-07-05_21-06-02,2026-08-18_22-06-11,2026,85
MM,CompEvol/morph-models,untagged-74152ea8507b4e08d3ad,2026-07-05_21-06-02,2026-08-18_22-06-11,2026,1
MM,CompEvol/morph-models,1.0.5,2026-07-05_21-06-02,2026-08-18_22-06-11,2026,1
MM,CompEvol/morph-models,v1.0.3,2026-07-05_21-06-02,2026-08-18_22-06-11,2026,1
GEO_SPHERE,BEAST2-Dev/beast-geo,v1.4.0,2026-07-05_21-06-02,2026-08-18_22-06-11,2026,55
BREAK_AWAY,rbouckaert/break-away,v1.2.0,2026-07-05_21-06-02,2026-08-18_22-06-11,2026,9
SSM,BEAST2-Dev/substmodels,v1.3.0,2026-07-05_21-06-02,2026-08-18_22-06-11,2026,1
SSM,BEAST2-Dev/substmodels,v1.3.0,2026-07-05_21-06-02,2026-08-18_22-06-11,2026,4
SSM,BEAST2-Dev/substmodels,v1.2.0,2026-07-05_21-06-02,2026-08-18_22-06-11,2026,1
SSM,BEAST2-Dev/substmodels,v1.2.0,2026-07-05_21-06-02,2026-08-18_22-06-11,2026,94
MGSM,BEAST2-Dev/MGSM,v0.4.0,2026-07-05_21-06-02,2026-08-18_22-06-11,2026,14
SA,CompEvol/sampled-ancestors,v2.3.0-beta2,2026-07-05_21-06-02,2026-08-18_22-06-11,2026,2
SA,CompEvol/sampled-ancestors,v2.1.1,2026-07-05_21-06-02,2026-08-18_22-06-11,2026,894
SA,CompEvol/sampled-ancestors,v2.1.0,2026-07-05_21-06-02,2026-08-18_22-06-11,2026,1
SA,CompEvol/sampled-ancestors,v2.0.1,2026-07-05_21-06-02,2026-08-18_22-06-11,2026,27
SA,CompEvol/sampled-ancestors,v1.1.7,2026-07-05_21-06-02,2026-08-18_22-06-11,2026,2
SA,CompEvol/sampled-ancestors,v1.1.3,2026-07-05_21-06-02,2026-08-18_22-06-11,2026,1
BDSKY,BEAST2-Dev/bdsky,v1.5.1,2026-07-05_21-06-02,2026-08-18_22-06-11,2026,116
BDSKY,BEAST2-Dev/bdsky,v1.4.8,2026-07-05_21-06-02,2026-08-18_22-06-11,2026,16
BDSKY,BEAST2-Dev/bdsky,1.4.5,2026-07-05_21-06-02,2026-08-18_22-06-11,2026,2
BDSKY,BEAST2-Dev/bdsky,v1.4.3,2026-07-05_21-06-02,2026-08-18_22-06-11,2026,3
BDSKY,BEAST2-Dev/bdsky,1.4.1,2026-07-05_21-06-02,2026-08-18_22-06-11,2026,1
BDSKY,BEAST2-Dev/bdsky,1.4.0,2026-07-05_21-06-02,2026-08-18_22-06-11,2026,12
BDSKY,BEAST2-Dev/bdsky,1.2.2,2026-07-05_21-06-02,2026-08-18_22-06-11,2026,1
feast,tgvaughan/feast,v11.0.1,2026-07-05_21-06-02,2026-08-18_22-06-11,2026,6
feast,tgvaughan/feast,v10.6.1,2026-07-05_21-06-02,2026-08-18_22-06-11,2026,124
feast,tgvaughan/feast,v10.6.0,2026-07-05_21-06-02,2026-08-18_22-06-11,2026,2
feast,tgvaughan/feast,v10.5.0,2026-07-05_21-06-02,2026-08-18_22-06-11,2026,3
feast,tgvaughan/feast,v10.4.0,2026-07-05_21-06-02,2026-08-18_22-06-11,2026,2
feast,tgvaughan/feast,v10.3.0,2026-07-05_21-06-02,2026-08-18_22-06-11,2026,1
feast,tgvaughan/feast,v10.2.0,2026-07-05_21-06-02,2026-08-18_22-06-11,2026,1
feast,tgvaughan/feast,v10.1.0,2026-07-05_21-06-02,2026-08-18_22-06-11,2026,1
feast,tgvaughan/feast,v10.0.0,2026-07-05_21-06-02,2026-08-18_22-06-11,2026,1
feast,tgvaughan/feast,v9.8.4,2026-07-05_21-06-02,2026-08-18_22-06-11,2026,1
feast,tgvaughan/feast,v9.8.2,2026-07-05_21-06-02,2026-08-18_22-06-11,2026,1
feast,tgvaughan/feast,v9.8.1,2026-07-05_21-06-02,2026-08-18_22-06-11,2026,1
feast,tgvaughan/feast,v9.7.0,2026-07-05_21-06-02,2026-08-18_22-06-11,2026,1
feast,tgvaughan/feast,v8.4.0,2026-07-05_21-06-02,2026-08-18_22-06-11,2026,16
feast,tgvaughan/feast,v9.6.3,2026-07-05_21-06-02,2026-08-18_22-06-11,2026,1
feast,tgvaughan/feast,v7.11.0,2026-07-05_21-06-02,2026-08-18_22-06-11,2026,1
feast,tgvaughan/feast,v1.8.0,2026-07-05_21-06-02,2026-08-18_22-06-11,2026,1
feast,tgvaughan/feast,v1.8.0,2026-07-05_21-06-02,2026-08-18_22-06-11,2026,1
feast,tgvaughan/feast,v1.7.1,2026-07-05_21-06-02,2026-08-18_22-06-11,2026,1
feast,tgvaughan/feast,v1.7.1,2026-07-05_21-06-02,2026-08-18_22-06-11,2026,1
feast,tgvaughan/feast,v1.7.0,2026-07-05_21-06-02,2026-08-18_22-06-11,2026,1
feast,tgvaughan/feast,v1.6.0,2026-07-05_21-06-02,2026-08-18_22-06-11,2026,1
feast,tgvaughan/feast,v1.6.0,2026-07-05_21-06-02,2026-08-18_22-06-11,2026,3
feast,tgvaughan/feast,v1.5.1,2026-07-05_21-06-02,2026-08-18_22-06-11,2026,1
feast,tgvaughan/feast,v1.5.1,2026-07-05_21-06-02,2026-08-18_22-06-11,2026,3
feast,tgvaughan/feast,v1.5.0,2026-07-05_21-06-02,2026-08-18_22-06-11,2026,3
feast,tgvaughan/feast,v1.4.0,2026-07-05_21-06-02,2026-08-18_22-06-11,2026,2
feast,tgvaughan/feast,v1.3.0,2026-07-05_21-06-02,2026-08-18_22-06-11,2026,3
feast,tgvaughan/feast,v1.2.0,2026-07-05_21-06-02,2026-08-18_22-06-11,2026,2
feast,tgvaughan/feast,1.1.0,2026-07-05_21-06-02,2026-08-18_22-06-11,2026,2
feast,tgvaughan/feast,v1.0.0,2026-07-05_21-06-02,2026-08-18_22-06-11,2026,3
TiDeTree,seidels/tidetree,v1.0.2,2026-07-05_21-06-02,2026-08-18_22-06-11,2026,4
TiDeTree,seidels/tidetree,v1.0.1,2026-07-05_21-06-02,2026-08-18_22-06-11,2026,29
TiDeTree,seidels/tidetree,v1.0.0,2026-07-05_21-06-02,2026-08-18_22-06-11,2026,1
TiDeTree,seidels/tidetree,v1.0.0-alpha.1,2026-07-05_21-06-02,2026-08-18_22-06-11,2026,1
MultiTypeTree,tgvaughan/MultiTypeTree,v8.3.0,2026-07-05_21-06-02,2026-08-18_22-06-11,2026,54
MultiTypeTree,tgvaughan/MultiTypeTree,v7.0.2,2026-07-05_21-06-02,2026-08-18_22-06-11,2026,14
MultiTypeTree,tgvaughan/MultiTypeTree,v7.0.1,2026-07-05_21-06-02,2026-08-18_22-06-11,2026,3
MultiTypeTree,tgvaughan/MultiTypeTree,v7.0.0,2026-07-05_21-06-02,2026-08-18_22-06-11,2026,29
MultiTypeTree,tgvaughan/MultiTypeTree,v6.3.1,2026-07-05_21-06-02,2026-08-18_22-06-11,2026,5
MASTER,tgvaughan/MASTER,v7.0.0,2026-07-05_21-06-02,2026-08-18_22-06-11,2026,38
MASTER,tgvaughan/MASTER,v6.1.2,2026-07-05_21-06-02,2026-08-18_22-06-11,2026,23
MASTER,tgvaughan/MASTER,v6.1.0,2026-07-05_21-06-02,2026-08-18_22-06-11,2026,26
MASTER,tgvaughan/MASTER,v6.0.1,2026-07-05_21-06-02,2026-08-18_22-06-11,2026,2
MASTER,tgvaughan/MASTER,v6.0.0,2026-07-05_21-06-02,2026-08-18_22-06-11,2026,4
MASTER,tgvaughan/MASTER,v5.1.1,2026-07-05_21-06-02,2026-08-18_22-06-11,2026,2
ReMASTER,tgvaughan/remaster,v3.0.1,2026-07-05_21-06-02,2026-08-18_22-06-11,2026,1
ReMASTER,tgvaughan/remaster,v2.7.4,2026-07-05_21-06-02,2026-08-18_22-06-11,2026,31
ReMASTER,tgvaughan/remaster,v2.4.0,2026-07-05_21-06-02,2026-08-18_22-06-11,2026,2
Mascot,nicfel/Mascot,v3.1.0-beta1,2026-07-05_21-06-02,2026-08-18_22-06-11,2026,1
Mascot,nicfel/Mascot,v3.0.8,2026-07-05_21-06-02,2026-08-18_22-06-11,2026,1
Mascot,nicfel/Mascot,v3.0.7,2026-07-05_21-06-02,2026-08-18_22-06-11,2026,54
Mascot,nicfel/Mascot,v3.0.6,2026-07-05_21-06-02,2026-08-18_22-06-11,2026,2
Mascot,nicfel/Mascot,v3.0.5,2026-07-05_21-06-02,2026-08-18_22-06-11,2026,2
Mascot,nicfel/Mascot,v3.0.4,2026-07-05_21-06-02,2026-08-18_22-06-11,2026,2
Mascot,nicfel/Mascot,v3.0.3,2026-07-05_21-06-02,2026-08-18_22-06-11,2026,2
Mascot,nicfel/Mascot,v3.0.2,2026-07-05_21-06-02,2026-08-18_22-06-11,2026,1
Mascot,nicfel/Mascot,v3.0.1,2026-07-05_21-06-02,2026-08-18_22-06-11,2026,1
Mascot,nicfel/Mascot,v3.0.0,2026-07-05_21-06-02,2026-08-18_22-06-11,2026,1
Mascot,nicfel/Mascot,v2.2.0,2026-07-05_21-06-02,2026-08-18_22-06-11,2026,1
Mascot,nicfel/Mascot,v2.1.3,2026-07-05_21-06-02,2026-08-18_22-06-11,2026,2
Mascot,nicfel/Mascot,v2.1.2,2026-07-05_21-06-02,2026-08-18_22-06-11,2026,1
Mascot,nicfel/Mascot,v2.1.1,2026-07-05_21-06-02,2026-08-18_22-06-11,2026,1
Mascot,nicfel/Mascot,v2.0.1,2026-07-05_21-06-02,2026-08-18_22-06-11,2026,1
Mascot,nicfel/Mascot,v2.0.0,2026-07-05_21-06-02,2026-08-18_22-06-11,2026,1
Mascot,nicfel/Mascot,v1.2.2,2026-07-05_21-06-02,2026-08-18_22-06-11,2026,1
Mascot,nicfel/Mascot,v.1.2.1,2026-07-05_21-06-02,2026-08-18_22-06-11,2026,1
Mascot,nicfel/Mascot,v1.1.2,2026-07-05_21-06-02,2026-08-18_22-06-11,2026,1
Mascot,nicfel/Mascot,v1.1.1,2026-07-05_21-06-02,2026-08-18_22-06-11,2026,1
Mascot,nicfel/Mascot,v1.1.0,2026-07-05_21-06-02,2026-08-18_22-06-11,2026,1
Mascot,nicfel/Mascot,v1.0.3,2026-07-05_21-06-02,2026-08-18_22-06-11,2026,1
Mascot,nicfel/Mascot,v1.0.2,2026-07-05_21-06-02,2026-08-18_22-06-11,2026,1
Mascot,nicfel/Mascot,v1.0.1,2026-07-05_21-06-02,2026-08-18_22-06-11,2026,1
Mascot,nicfel/Mascot,v1.0.0,2026-07-05_21-06-02,2026-08-18_22-06-11,2026,1
Mascot,nicfel/Mascot,v0.0.6,2026-07-05_21-06-02,2026-08-18_22-06-11,2026,1
Mascot,nicfel/Mascot,v0.0.5,2026-07-05_21-06-02,2026-08-18_22-06-11,2026,1
Mascot,nicfel/Mascot,v0.0.4,2026-07-05_21-06-02,2026-08-18_22-06-11,2026,1
Mascot,nicfel/Mascot,v0.0.3,2026-07-05_21-06-02,2026-08-18_22-06-11,2026,1
Mascot,nicfel/Mascot,v0.0.2,2026-07-05_21-06-02,2026-08-18_22-06-11,2026,1
Mascot,nicfel/Mascot,v0.0.1,2026-07-05_21-06-02,2026-08-18_22-06-11,2026,1
Recombination,nicfel/Recombination,v1.0.1,2026-07-05_21-06-02,2026-08-18_22-06-11,2026,15
Recombination,nicfel/Recombination,v0.0.2,2026-07-05_21-06-02,2026-08-18_22-06-11,2026,2
Recombination,nicfel/Recombination,v0.0.1,2026-07-05_21-06-02,2026-08-18_22-06-11,2026,2
CoalRe,nicfel/CoalRe,v3.0.3,2026-07-05_21-06-02,2026-08-18_22-06-11,2026,6
CoalRe,nicfel/CoalRe,v2.7.1,2026-07-05_21-06-02,2026-08-18_22-06-11,2026,1
CoalRe,nicfel/CoalRe,v1.0.4,2026-07-05_21-06-02,2026-08-18_22-06-11,2026,34
CodonSubstModels,BEAST2-Dev/codonsubstmodels,v2.0.0,2026-07-05_21-06-02,2026-08-18_22-06-11,2026,21
timtam,aezarebski/timtam2,v0.4.1,2026-07-05_21-06-02,2026-08-18_22-06-11,2026,1
timtam,aezarebski/timtam2,v0.4.0,2026-07-05_21-06-02,2026-08-18_22-06-11,2026,12
BEASTvntr,arjun-1/BEASTvntr,v0.2.0,2026-07-05_21-06-02,2026-08-18_22-06-11,2026,8
BEASTvntr,arjun-1/BEASTvntr,v0.1.1,2026-07-05_21-06-02,2026-08-18_22-06-11,2026,5
PIQMEE,boskovav/piqmee,v1.1.0,2026-07-05_21-06-02,2026-08-18_22-06-11,2026,11
EpiInf,tgvaughan/epiinf,v8.0.0,2026-07-05_21-06-02,2026-08-18_22-06-11,2026,29
EpiInf,tgvaughan/epiinf,v7.5.2,2026-07-05_21-06-02,2026-08-18_22-06-11,2026,7
EpiInf,tgvaughan/epiinf,v7.5.0,2026-07-05_21-06-02,2026-08-18_22-06-11,2026,2
EpiInf,tgvaughan/epiinf,v7.4.0,2026-07-05_21-06-02,2026-08-18_22-06-11,2026,2
EpiInf,tgvaughan/epiinf,v7.3.0,2026-07-05_21-06-02,2026-08-18_22-06-11,2026,1
EpiInf,tgvaughan/epiinf,v7.2.0,2026-07-05_21-06-02,2026-08-18_22-06-11,2026,2
EpiInf,tgvaughan/epiinf,v7.1.5,2026-07-05_21-06-02,2026-08-18_22-06-11,2026,1
EpiInf,tgvaughan/epiinf,v7.1.2,2026-07-05_21-06-02,2026-08-18_22-06-11,2026,1
EpiInf,tgvaughan/epiinf,v7.1.1,2026-07-05_21-06-02,2026-08-18_22-06-11,2026,1
EpiInf,tgvaughan/epiinf,v7.1.0,2026-07-05_21-06-02,2026-08-18_22-06-11,2026,1
EpiInf,tgvaughan/epiinf,v7.0.2,2026-07-05_21-06-02,2026-08-18_22-06-11,2026,1
EpiInf,tgvaughan/epiinf,v7.0.1,2026-07-05_21-06-02,2026-08-18_22-06-11,2026,1
EpiInf,tgvaughan/epiinf,v6.0.0,2026-07-05_21-06-02,2026-08-18_22-06-11,2026,1
EpiInf,tgvaughan/epiinf,v6.0.0-pre,2026-07-05_21-06-02,2026-08-18_22-06-11,2026,1
EpiInf,tgvaughan/epiinf,v5.0.1,2026-07-05_21-06-02,2026-08-18_22-06-11,2026,1
EpiInf,tgvaughan/epiinf,v4.0.1,2026-07-05_21-06-02,2026-08-18_22-06-11,2026,1
EpiInf,tgvaughan/epiinf,v4.0.0,2026-07-05_21-06-02,2026-08-18_22-06-11,2026,1
EpiInf,tgvaughan/epiinf,v3.2.1,2026-07-05_21-06-02,2026-08-18_22-06-11,2026,1
EpiInf,tgvaughan/epiinf,v3.2.0,2026-07-05_21-06-02,2026-08-18_22-06-11,2026,1
EpiInf,tgvaughan/epiinf,v3.1.0,2026-07-05_21-06-02,2026-08-18_22-06-11,2026,1
EpiInf,tgvaughan/epiinf,v3.0.0,2026-07-05_21-06-02,2026-08-18_22-06-11,2026,1
EpiInf,tgvaughan/epiinf,v2.1.0,2026-07-05_21-06-02,2026-08-18_22-06-11,2026,1
EpiInf,tgvaughan/epiinf,v2.0.1,2026-07-05_21-06-02,2026-08-18_22-06-11,2026,1
EpiInf,tgvaughan/epiinf,v2.0.0,2026-07-05_21-06-02,2026-08-18_22-06-11,2026,1
EpiInf,tgvaughan/epiinf,v1.1.0,2026-07-05_21-06-02,2026-08-18_22-06-11,2026,2
EpiInf,tgvaughan/epiinf,v1.0.0,2026-07-05_21-06-02,2026-08-18_22-06-11,2026,2
EpiInf,tgvaughan/epiinf,v1.0.0-pre,2026-07-05_21-06-02,2026-08-18_22-06-11,2026,1
FastRelaxedClockLogNormal,Rong419/ConstantDistanceOperator,v1.2.0,2026-07-05_21-06-02,2026-08-18_22-06-11,2026,28
FastRelaxedClockLogNormal,Rong419/ConstantDistanceOperator,v1.1.0,2026-07-05_21-06-02,2026-08-18_22-06-11,2026,2
FastRelaxedClockLogNormal,Rong419/ConstantDistanceOperator,v0.0.3,2026-07-05_21-06-02,2026-08-18_22-06-11,2026,1
FastRelaxedClockLogNormal,Rong419/ConstantDistanceOperator,v0.0.1,2026-07-05_21-06-02,2026-08-18_22-06-11,2026,1
bacter,tgvaughan/bacter,v3.0.1,2026-07-05_21-06-02,2026-08-18_22-06-11,2026,13
bacter,tgvaughan/bacter,v2.2.0,2026-07-05_21-06-02,2026-08-18_22-06-11,2026,1
StarBEAST2,genomescale/starbeast2,v1.0.0,2026-07-05_21-06-02,2026-08-18_22-06-11,2026,5
StarBEAST2,genomescale/starbeast2,v1.0.0,2026-07-05_21-06-02,2026-08-18_22-06-11,2026,37
StarBEAST2,genomescale/starbeast2,v0.14.0,2026-07-05_21-06-02,2026-08-18_22-06-11,2026,4
StarBEAST2,genomescale/starbeast2,v0.14.0,2026-07-05_21-06-02,2026-08-18_22-06-11,2026,1
bdtree,fkmendes/bdtree,v.0.0.2,2026-07-05_21-06-02,2026-08-18_22-06-11,2026,25
bdmm,denisekuehnert/bdmm,v2.0.0,2026-07-05_21-06-02,2026-08-18_22-06-11,2026,30
bdmm,denisekuehnert/bdmm,v1.0.2,2026-07-05_21-06-02,2026-08-18_22-06-11,2026,9
bdmm,denisekuehnert/bdmm,v1.0.1,2026-07-05_21-06-02,2026-08-18_22-06-11,2026,1
bdmm,denisekuehnert/bdmm,0.3.5,2026-07-05_21-06-02,2026-08-18_22-06-11,2026,1
bdmm,denisekuehnert/bdmm,0.3.3,2026-07-05_21-06-02,2026-08-18_22-06-11,2026,8
bdmm,denisekuehnert/bdmm,0.3.2,2026-07-05_21-06-02,2026-08-18_22-06-11,2026,1
PhyDyn,mrc-ide/PhyDyn,v1.4.0,2026-07-05_21-06-02,2026-08-18_22-06-11,2026,13
CA,BEAST2-Dev/cladeage,v2.1.0,2026-07-05_21-06-02,2026-08-18_22-06-11,2026,17
phylodynamics,BEAST2-Dev/phylodynamics,v1.5.0,2026-07-05_21-06-02,2026-08-18_22-06-11,2026,33
phylodynamics,BEAST2-Dev/phylodynamics,1.3.0,2026-07-05_21-06-02,2026-08-18_22-06-11,2026,2
phylodynamics,BEAST2-Dev/phylodynamics,1.2.0,2026-07-05_21-06-02,2026-08-18_22-06-11,2026,2
phylodynamics,BEAST2-Dev/phylodynamics,1.2.0,2026-07-05_21-06-02,2026-08-18_22-06-11,2026,2
phylodynamics,BEAST2-Dev/phylodynamics,1.1.2,2026-07-05_21-06-02,2026-08-18_22-06-11,2026,2
PopFunc,LinguaPhylo/PopFunc,v0.0.1,2026-07-05_21-06-02,2026-08-18_22-06-11,2026,7
phylonco,bioDS/beast-phylonco,v1.2.1-patch,2026-07-05_21-06-02,2026-08-18_22-06-11,2026,21
phylonco,bioDS/beast-phylonco,v1.2.1,2026-07-05_21-06-02,2026-08-18_22-06-11,2026,1
phylonco,bioDS/beast-phylonco,v1.2.1,2026-07-05_21-06-02,2026-08-18_22-06-11,2026,2
phylonco,bioDS/beast-phylonco,v1.2.1,2026-07-05_21-06-02,2026-08-18_22-06-11,2026,8
phylonco,bioDS/beast-phylonco,v1.2.0,2026-07-05_21-06-02,2026-08-18_22-06-11,2026,2
phylonco,bioDS/beast-phylonco,v1.2.0,2026-07-05_21-06-02,2026-08-18_22-06-11,2026,6
phylonco,bioDS/beast-phylonco,v1.2.0,2026-07-05_21-06-02,2026-08-18_22-06-11,2026,2
phylonco,bioDS/beast-phylonco,v1.0.0,2026-07-05_21-06-02,2026-08-18_22-06-11,2026,5
phylonco,bioDS/beast-phylonco,v1.0.0,2026-07-05_21-06-02,2026-08-18_22-06-11,2026,2
phylonco,bioDS/beast-phylonco,v0.0.7-pre,2026-07-05_21-06-02,2026-08-18_22-06-11,2026,2
phylonco,bioDS/beast-phylonco,v0.0.5-pre,2026-07-05_21-06-02,2026-08-18_22-06-11,2026,1
phylonco,bioDS/beast-phylonco,v.0.0.4,2026-07-05_21-06-02,2026-08-18_22-06-11,2026,1
lphybeast,LinguaPhylo/LPhyBeast,1.3.0,2026-07-05_21-06-02,2026-08-18_22-06-11,2026,17
lphybeast,LinguaPhylo/LPhyBeast,1.2.0,2026-07-05_21-06-02,2026-08-18_22-06-11,2026,10
contacTrees,NicoNeureiter/contacTrees,v2.0.0,2026-07-05_21-06-02,2026-08-18_22-06-11,2026,2
contacTrees,NicoNeureiter/contacTrees,v1.2.0,2026-07-05_21-06-02,2026-08-18_22-06-11,2026,9
FixedTreeAnalysis,rbouckaert/FixedTreeAnalysis,v0.0.2,2026-07-05_21-06-02,2026-08-18_22-06-11,2026,57
FixedTreeAnalysis,rbouckaert/FixedTreeAnalysis,v0.0.1,2026-07-05_21-06-02,2026-08-18_22-06-11,2026,2
CCD,CompEvol/CCD,v1.2.0,2026-07-05_21-06-02,2026-08-18_22-06-11,2026,11
CCD,CompEvol/CCD,v1.1.0,2026-07-05_21-06-02,2026-08-18_22-06-11,2026,4
CCD,CompEvol/CCD,v1.0.4,2026-07-05_21-06-02,2026-08-18_22-06-11,2026,1
CCD,CompEvol/CCD,v1.0.3,2026-07-05_21-06-02,2026-08-18_22-06-11,2026,791
CCD,CompEvol/CCD,v1.0.2,2026-07-05_21-06-02,2026-08-18_22-06-11,2026,2
CCD,CompEvol/CCD,v0.0.1,2026-07-05_21-06-02,2026-08-18_22-06-11,2026,2
CCD,CompEvol/CCD,v0.0.1,2026-07-05_21-06-02,2026-08-18_22-06-11,2026,2
CCD,CompEvol/CCD,v0.0.1,2026-07-05_21-06-02,2026-08-18_22-06-11,2026,2
CCD,CompEvol/CCD,v0.0.1,2026-07-05_21-06-02,2026-08-18_22-06-11,2026,10
FLC,4ment/flc,v1.2.0,2026-07-05_21-06-02,2026-08-18_22-06-11,2026,8
CubeVB,rbouckaert/cubevb,v1.0.0,2026-07-05_21-06-02,2026-08-18_22-06-11,2026,8
FreeRateModel,BEAST2-Dev/FreeRateModel,v1.0.0,2026-07-05_21-06-02,2026-08-18_22-06-11,2026,21
BDMM-Prime,tgvaughan/BDMM-Prime,v2.7.2,2026-07-05_21-06-02,2026-08-18_22-06-11,2026,68
BDMM-Prime,tgvaughan/BDMM-Prime,v3.0.0,2026-07-05_21-06-02,2026-08-18_22-06-11,2026,2
BDMM-Prime,tgvaughan/BDMM-Prime,v2.7.1,2026-07-05_21-06-02,2026-08-18_22-06-11,2026,1
BDMM-Prime,tgvaughan/BDMM-Prime,v2.7.0,2026-07-05_21-06-02,2026-08-18_22-06-11,2026,1
BDMM-Prime,tgvaughan/BDMM-Prime,v0.0.33,2026-07-05_21-06-02,2026-08-18_22-06-11,2026,5
BDMM-Prime,tgvaughan/BDMM-Prime,v0.0.27,2026-07-05_21-06-02,2026-08-18_22-06-11,2026,3
ASM,rbouckaert/asm,v0.0.1,2026-07-05_21-06-02,2026-08-18_22-06-11,2026,14
Experimenter,christiaanjs/beast-validation,v0.0.1,2026-07-05_21-06-02,2026-08-18_22-06-11,2026,1
beastmap,jordandouglas/BeastMap,v0.0.3,2026-07-05_21-06-02,2026-08-18_22-06-11,2026,4
FoldBeast,jordandouglas/FoldBeast,v0.0.2,2026-07-05_21-06-02,2026-08-18_22-06-11,2026,9
FoldBeast,jordandouglas/FoldBeast,v0.0.1,2026-07-05_21-06-02,2026-08-18_22-06-11,2026,1
BREATH,rbouckaert/transmission,v0.0.6,2026-07-05_21-06-02,2026-08-18_22-06-11,2026,6
BREATH,rbouckaert/transmission,v0.0.1,2026-07-05_21-06-02,2026-08-18_22-06-11,2026,6
RBS,BEAST2-Dev/rb-beast,v1.5.0,2026-07-05_21-06-02,2026-08-18_22-06-11,2026,1
rootfreqs,rbouckaert/rootfreqs,v0.0.2,2026-07-05_21-06-02,2026-08-18_22-06-11,2026,9
EpochClockModel,rbouckaert/EpochClockModel,v0.0.2,2026-07-05_21-06-02,2026-08-18_22-06-11,2026,4
TyCHE,hoehnlab/tyche,v0.0.10,2026-07-05_21-06-02,2026-08-18_22-06-11,2026,17
TargetedBeast,nicfel/targetedbeast,v1.1.0,2026-07-05_21-06-02,2026-08-18_22-06-11,2026,7
TargetedBeast,nicfel/targetedbeast,v.1.0.0_includingbug,2026-07-05_21-06-02,2026-08-18_22-06-11,2026,124
BEASTBooster,rbouckaert/beastbooster,v0.0.2,2026-07-05_21-06-02,2026-08-18_22-06-11,2026,4
BEASTBooster,rbouckaert/beastbooster,v0.0.1,2026-07-05_21-06-02,2026-08-18_22-06-11,2026,1
BEASTBooster,rbouckaert/beastbooster,v0.0.1,2026-07-05_21-06-02,2026-08-18_22-06-11,2026,1
BEAST.base,CompEvol/beast2,v2.7.8,2026-08-18_22-06-11,2026-10-07_12-12-25,2026,1292
BEAST.base,CompEvol/beast2,v2.7.8,2026-08-18_22-06-11,2026-10-07_12-12-25,2026,1299
BEAST.base,CompEvol/beast2,v2.7.7,2026-08-18_22-06-11,2026-10-07_12-12-25,2026,40
BEAST.base,CompEvol/beast2,v2.7.7,2026-08-18_22-06-11,2026-10-07_12-12-25,2026,43
BEAST.base,CompEvol/beast2,v2.7.7,2026-08-18_22-06-11,2026-10-07_12-12-25,2026,1194
BEAST.base,CompEvol/beast2,v2.7.6,2026-08-18_22-06-11,2026-10-07_12-12-25,2026,8
BEAST.base,CompEvol/beast2,v2.7.6,2026-08-18_22-06-11,2026-10-07_12-12-25,2026,6
BEAST.base,CompEvol/beast2,v2.7.6,2026-08-18_22-06-11,2026-10-07_12-12-25,2026,14
BEAST.base,CompEvol/beast2,v2.7.5,2026-08-18_22-06-11,2026-10-07_12-12-25,2026,4
BEAST.base,CompEvol/beast2,v2.7.4,2026-08-18_22-06-11,2026-10-07_12-12-25,2026,2
BEAST.base,CompEvol/beast2,v2.7.4,2026-08-18_22-06-11,2026-10-07_12-12-25,2026,1
BEAST.base,CompEvol/beast2,v2.7.3,2026-08-18_22-06-11,2026-10-07_12-12-25,2026,1
BEAST.base,CompEvol/beast2,v2.7.3,2026-08-18_22-06-11,2026-10-07_12-12-25,2026,5
BEAST.base,CompEvol/beast2,v2.7.3,2026-08-18_22-06-11,2026-10-07_12-12-25,2026,1
BEAST.base,CompEvol/beast2,2.7.2,2026-08-18_22-06-11,2026-10-07_12-12-25,2026,1
BEAST.base,CompEvol/beast2,v2.7.0,2026-08-18_22-06-11,2026-10-07_12-12-25,2026,1
BEAST.base,CompEvol/beast2,v2.6.7,2026-08-18_22-06-11,2026-10-07_12-12-25,2026,6
BEAST.base,CompEvol/beast2,v2.6.7,2026-08-18_22-06-11,2026-10-07_12-12-25,2026,13
BEAST.base,CompEvol/beast2,v2.6.7,2026-08-18_22-06-11,2026-10-07_12-12-25,2026,6
BEAST.base,CompEvol/beast2,v2.6.6,2026-08-18_22-06-11,2026-10-07_12-12-25,2026,9
BEAST.base,CompEvol/beast2,v2.6.6,2026-08-18_22-06-11,2026-10-07_12-12-25,2026,11
BEAST.base,CompEvol/beast2,v2.6.5,2026-08-18_22-06-11,2026-10-07_12-12-25,2026,1
BEAST.base,CompEvol/beast2,v2.6.4,2026-08-18_22-06-11,2026-10-07_12-12-25,2026,7
BEAST.base,CompEvol/beast2,v2.6.3,2026-08-18_22-06-11,2026-10-07_12-12-25,2026,2
BEAST.base,CompEvol/beast2,v2.6.2,2026-08-18_22-06-11,2026-10-07_12-12-25,2026,2
BEAST.base,CompEvol/beast2,v2.6.2,2026-08-18_22-06-11,2026-10-07_12-12-25,2026,1
BEAST.base,CompEvol/beast2,v2.6.1,2026-08-18_22-06-11,2026-10-07_12-12-25,2026,2
BEAST.base,CompEvol/beast2,v2.6.0,2026-08-18_22-06-11,2026-10-07_12-12-25,2026,17
BEAST.base,CompEvol/beast2,v2.5.2,2026-08-18_22-06-11,2026-10-07_12-12-25,2026,2
BEAST.base,CompEvol/beast2,v2.5.2,2026-08-18_22-06-11,2026-10-07_12-12-25,2026,2
BEAST.base,CompEvol/beast2,v2.5.0,2026-08-18_22-06-11,2026-10-07_12-12-25,2026,3
BEAST.base,CompEvol/beast2,v2.4.8,2026-08-18_22-06-11,2026-10-07_12-12-25,2026,4
BEAST.base,CompEvol/beast2,v2.4.8,2026-08-18_22-06-11,2026-10-07_12-12-25,2026,1
BEAST.base,CompEvol/beast2,v2.4.7,2026-08-18_22-06-11,2026-10-07_12-12-25,2026,6
BEAST.base,CompEvol/beast2,v2.4.7,2026-08-18_22-06-11,2026-10-07_12-12-25,2026,2
BEAST.base,CompEvol/beast2,v2.4.3,2026-08-18_22-06-11,2026-10-07_12-12-25,2026,1
BEAST.base,CompEvol/beast2,v2.4.1,2026-08-18_22-06-11,2026-10-07_12-12-25,2026,1
BEAST.base,CompEvol/beast2,v2.4.1,2026-08-18_22-06-11,2026-10-07_12-12-25,2026,4
BEAST.base,CompEvol/beast2,v2.1.3,2026-08-18_22-06-11,2026-10-07_12-12-25,2026,6
BEAST.base,CompEvol/beast2,v2.1.2,2026-08-18_22-06-11,2026-10-07_12-12-25,2026,3
BEAST.base,CompEvol/beast2,v2.1.1,2026-08-18_22-06-11,2026-10-07_12-12-25,2026,4
BEAST.base,CompEvol/beast2,v2.1.0,2026-08-18_22-06-11,2026-10-07_12-12-25,2026,1
BEASTLabs,BEAST2-Dev/BEASTLabs,v2.1.0-beta1,2026-08-18_22-06-11,2026-10-07_12-12-25,2026,6
BEASTLabs,BEAST2-Dev/BEASTLabs,v2.0.0,2026-08-18_22-06-11,2026-10-07_12-12-25,2026,83
BEASTLabs,BEAST2-Dev/BEASTLabs,v2.0.0,2026-08-18_22-06-11,2026-10-07_12-12-25,2026,2
BEASTLabs,BEAST2-Dev/BEASTLabs,v2.0.0,2026-08-18_22-06-11,2026-10-07_12-12-25,2026,51
BEASTLabs,BEAST2-Dev/BEASTLabs,v2.0.0,2026-08-18_22-06-11,2026-10-07_12-12-25,2026,1235
BEASTLabs,BEAST2-Dev/BEASTLabs,v1.9.0,2026-08-18_22-06-11,2026-10-07_12-12-25,2026,9
BEASTLabs,BEAST2-Dev/BEASTLabs,v1.9.0,2026-08-18_22-06-11,2026-10-07_12-12-25,2026,1
BEASTLabs,BEAST2-Dev/BEASTLabs,v1.9.0,2026-08-18_22-06-11,2026-10-07_12-12-25,2026,3
BEASTLabs,BEAST2-Dev/BEASTLabs,v1.8.0,2026-08-18_22-06-11,2026-10-07_12-12-25,2026,50
BEASTLabs,BEAST2-Dev/BEASTLabs,v1.8.0,2026-08-18_22-06-11,2026-10-07_12-12-25,2026,7
BEASTLabs,BEAST2-Dev/BEASTLabs,v1.8.0,2026-08-18_22-06-11,2026-10-07_12-12-25,2026,33
BEASTLabs,BEAST2-Dev/BEASTLabs,v1.7.0,2026-08-18_22-06-11,2026-10-07_12-12-25,2026,15
bModelTest,BEAST2-Dev/bModelTest,v1.4.0,2026-08-18_22-06-11,2026-10-07_12-12-25,2026,6
bModelTest,BEAST2-Dev/bModelTest,v1.3.3,2026-08-18_22-06-11,2026-10-07_12-12-25,2026,253
bModelTest,BEAST2-Dev/bModelTest,v1.2.0,2026-08-18_22-06-11,2026-10-07_12-12-25,2026,2
bModelTest,BEAST2-Dev/bModelTest,v1.1.0,2026-08-18_22-06-11,2026-10-07_12-12-25,2026,6
bModelTest,BEAST2-Dev/bModelTest,v1.0.0,2026-08-18_22-06-11,2026-10-07_12-12-25,2026,1
OBAMA,rbouckaert/obama,v.1.1.1,2026-08-18_22-06-11,2026-10-07_12-12-25,2026,95
OBAMA,rbouckaert/obama,v1.1.0,2026-08-18_22-06-11,2026-10-07_12-12-25,2026,2
OBAMA,rbouckaert/obama,v0.2.0,2026-08-18_22-06-11,2026-10-07_12-12-25,2026,2
BICEPS,rbouckaert/biceps,v1.2.0,2026-08-18_22-06-11,2026-10-07_12-12-25,2026,6
BICEPS,rbouckaert/biceps,v1.1.2,2026-08-18_22-06-11,2026-10-07_12-12-25,2026,133
BICEPS,rbouckaert/biceps,v1.1.0,2026-08-18_22-06-11,2026-10-07_12-12-25,2026,17
BICEPS,rbouckaert/biceps,v1.1.0,2026-08-18_22-06-11,2026-10-07_12-12-25,2026,2
ORC,jordandouglas/ORC,v1.3.1,2026-08-18_22-06-11,2026-10-07_12-12-25,2026,24
ORC,jordandouglas/ORC,v1.2.1,2026-08-18_22-06-11,2026-10-07_12-12-25,2026,918
ORC,jordandouglas/ORC,v1.2.0,2026-08-18_22-06-11,2026-10-07_12-12-25,2026,3
ORC,jordandouglas/ORC,v1.1.2,2026-08-18_22-06-11,2026-10-07_12-12-25,2026,33
ORC,jordandouglas/ORC,v1.1.1,2026-08-18_22-06-11,2026-10-07_12-12-25,2026,3
ORC,jordandouglas/ORC,v1.1.0,2026-08-18_22-06-11,2026-10-07_12-12-25,2026,4
ORC,jordandouglas/ORC,v1.0.0,2026-08-18_22-06-11,2026-10-07_12-12-25,2026,1
speedemon,rbouckaert/speedemon,v1.2.0,2026-08-18_22-06-11,2026-10-07_12-12-25,2026,3
speedemon,rbouckaert/speedemon,publish,2026-08-18_22-06-11,2026-10-07_12-12-25,2026,42
gammaspike,jordandouglas/GammaSpikeModel,v1.3.0,2026-08-18_22-06-11,2026-10-07_12-12-25,2026,3
gammaspike,jordandouglas/GammaSpikeModel,v1.2.0,2026-08-18_22-06-11,2026-10-07_12-12-25,2026,92
gammaspike,jordandouglas/GammaSpikeModel,v1.1.0,2026-08-18_22-06-11,2026-10-07_12-12-25,2026,1
gammaspike,jordandouglas/GammaSpikeModel,v1.0.1,2026-08-18_22-06-11,2026-10-07_12-12-25,2026,3
resub,jordandouglas/resub,v1.0.0,2026-08-18_22-06-11,2026-10-07_12-12-25,2026,17
contraband,fkmendes/contraband,v1.0.2,2026-08-18_22-06-11,2026-10-07_12-12-25,2026,29
Babel,rbouckaert/Babel,v0.4.0,2026-08-18_22-06-11,2026-10-07_12-12-25,2026,2
Babel,rbouckaert/Babel,v0.4.0,2026-08-18_22-06-11,2026-10-07_12-12-25,2026,35
Babel,rbouckaert/Babel,v0.2.0,2026-08-18_22-06-11,2026-10-07_12-12-25,2026,5
Babel,rbouckaert/Babel,0.0.1,2026-08-18_22-06-11,2026-10-07_12-12-25,2026,2
BEAST_CLASSIC,BEAST2-Dev/beast-classic,v1.7.0-beta1,2026-08-18_22-06-11,2026-10-07_12-12-25,2026,6
BEAST_CLASSIC,BEAST2-Dev/beast-classic,v1.6.0,2026-08-18_22-06-11,2026-10-07_12-12-25,2026,5
BEAST_CLASSIC,BEAST2-Dev/beast-classic,v1.6.0,2026-08-18_22-06-11,2026-10-07_12-12-25,2026,1
BEAST_CLASSIC,BEAST2-Dev/beast-classic,v1.6.0,2026-08-18_22-06-11,2026-10-07_12-12-25,2026,1
BEAST_CLASSIC,BEAST2-Dev/beast-classic,v1.6.0,2026-08-18_22-06-11,2026-10-07_12-12-25,2026,281
BEAST_CLASSIC,BEAST2-Dev/beast-classic,v1.4.0,2026-08-18_22-06-11,2026-10-07_12-12-25,2026,49
BEAST_CLASSIC,BEAST2-Dev/beast-classic,v1.3.0,2026-08-18_22-06-11,2026-10-07_12-12-25,2026,3
BEAST_CLASSIC,BEAST2-Dev/beast-classic,v1.2.0,2026-08-18_22-06-11,2026-10-07_12-12-25,2026,1
BEAST_CLASSIC,BEAST2-Dev/beast-classic,v1.2.0,2026-08-18_22-06-11,2026-10-07_12-12-25,2026,1
SNAPP,BEAST2-Dev/SNAPP,v1.6.0,2026-08-18_22-06-11,2026-10-07_12-12-25,2026,27
SNAPP,BEAST2-Dev/SNAPP,v1.6.0,2026-08-18_22-06-11,2026-10-07_12-12-25,2026,149
SNAPP,BEAST2-Dev/SNAPP,v1.5.0,2026-08-18_22-06-11,2026-10-07_12-12-25,2026,1
SNAPP,BEAST2-Dev/SNAPP,v1.4.0,2026-08-18_22-06-11,2026-10-07_12-12-25,2026,1
SNAPP,BEAST2-Dev/SNAPP,v1.3.0,2026-08-18_22-06-11,2026-10-07_12-12-25,2026,2
snapper,rbouckaert/snapper,v1.1.0,2026-08-18_22-06-11,2026-10-07_12-12-25,2026,1
snapper,rbouckaert/snapper,v1.1.0,2026-08-18_22-06-11,2026-10-07_12-12-25,2026,2
snapper,rbouckaert/snapper,v1.1.0,2026-08-18_22-06-11,2026-10-07_12-12-25,2026,2
snapper,rbouckaert/snapper,v1.1.0,2026-08-18_22-06-11,2026-10-07_12-12-25,2026,82
TreeStat2,alexeid/TreeStat2,v0.2.0,2026-08-18_22-06-11,2026-10-07_12-12-25,2026,36
TreeStat2,alexeid/TreeStat2,v0.1.0,2026-08-18_22-06-11,2026-10-07_12-12-25,2026,1
TreeStat2,alexeid/TreeStat2,v0.0.1,2026-08-18_22-06-11,2026-10-07_12-12-25,2026,2
starbeast3,rbouckaert/starbeast3,v1.3.0,2026-08-18_22-06-11,2026-10-07_12-12-25,2026,7
starbeast3,rbouckaert/starbeast3,v1.2.1,2026-08-18_22-06-11,2026-10-07_12-12-25,2026,736
starbeast3,rbouckaert/starbeast3,v1.1.7,2026-08-18_22-06-11,2026-10-07_12-12-25,2026,1
starbeast3,rbouckaert/starbeast3,v1.1.6,2026-08-18_22-06-11,2026-10-07_12-12-25,2026,1
starbeast3,rbouckaert/starbeast3,v1.1.5,2026-08-18_22-06-11,2026-10-07_12-12-25,2026,1
starbeast3,rbouckaert/starbeast3,v1.1.4,2026-08-18_22-06-11,2026-10-07_12-12-25,2026,1
starbeast3,rbouckaert/starbeast3,v.1.1.3,2026-08-18_22-06-11,2026-10-07_12-12-25,2026,1
starbeast3,rbouckaert/starbeast3,v.1.1.1,2026-08-18_22-06-11,2026-10-07_12-12-25,2026,1
SpeciesNetwork,zhangchicool/speciesnetwork,v1.0.0,2026-08-18_22-06-11,2026-10-07_12-12-25,2026,22
SpeciesNetwork,zhangchicool/speciesnetwork,v0.13.0,2026-08-18_22-06-11,2026-10-07_12-12-25,2026,6
MODEL_SELECTION,BEAST2-Dev/model-selection,v1.7.0,2026-08-18_22-06-11,2026-10-07_12-12-25,2026,5
MODEL_SELECTION,BEAST2-Dev/model-selection,v1.6.0,2026-08-18_22-06-11,2026-10-07_12-12-25,2026,38
MODEL_SELECTION,BEAST2-Dev/model-selection,v1.6.0,2026-08-18_22-06-11,2026-10-07_12-12-25,2026,2
MODEL_SELECTION,BEAST2-Dev/model-selection,v1.6.0,2026-08-18_22-06-11,2026-10-07_12-12-25,2026,142
MODEL_SELECTION,BEAST2-Dev/model-selection,v1.5.0,2026-08-18_22-06-11,2026-10-07_12-12-25,2026,1
MODEL_SELECTION,BEAST2-Dev/model-selection,v1.3.0,2026-08-18_22-06-11,2026-10-07_12-12-25,2026,1
MODEL_SELECTION,BEAST2-Dev/model-selection,v1.1.0,2026-08-18_22-06-11,2026-10-07_12-12-25,2026,2
NS,BEAST2-Dev/nested-sampling,v1.3.1,2026-08-18_22-06-11,2026-10-07_12-12-25,2026,6
NS,BEAST2-Dev/nested-sampling,v1.2.0,2026-08-18_22-06-11,2026-10-07_12-12-25,2026,4
NS,BEAST2-Dev/nested-sampling,v1.2.0,2026-08-18_22-06-11,2026-10-07_12-12-25,2026,66
NS,BEAST2-Dev/nested-sampling,v1.1.0,2026-08-18_22-06-11,2026-10-07_12-12-25,2026,1
CoupledMCMC,nicfel/CoupledMCMC,v1.3.0-beta1,2026-08-18_22-06-11,2026-10-07_12-12-25,2026,3
CoupledMCMC,nicfel/CoupledMCMC,v1.2.0,2026-08-18_22-06-11,2026-10-07_12-12-25,2026,92
CoupledMCMC,nicfel/CoupledMCMC,v1.0.2,2026-08-18_22-06-11,2026-10-07_12-12-25,2026,2
CoupledMCMC,nicfel/CoupledMCMC,v0.1.8,2026-08-18_22-06-11,2026-10-07_12-12-25,2026,1
CoupledMCMC,nicfel/CoupledMCMC,v0.1.2,2026-08-18_22-06-11,2026-10-07_12-12-25,2026,1
MM,CompEvol/morph-models,v1.3.0,2026-08-18_22-06-11,2026-10-07_12-12-25,2026,4
MM,CompEvol/morph-models,v1.2.0,2026-08-18_22-06-11,2026-10-07_12-12-25,2026,9
MM,CompEvol/morph-models,v1.2.0,2026-08-18_22-06-11,2026-10-07_12-12-25,2026,146
MM,CompEvol/morph-models,untagged-74152ea8507b4e08d3ad,2026-08-18_22-06-11,2026-10-07_12-12-25,2026,1
MM,CompEvol/morph-models,1.0.5,2026-08-18_22-06-11,2026-10-07_12-12-25,2026,4
GEO_SPHERE,BEAST2-Dev/beast-geo,v1.4.0,2026-08-18_22-06-11,2026-10-07_12-12-25,2026,1
GEO_SPHERE,BEAST2-Dev/beast-geo,v1.4.0,2026-08-18_22-06-11,2026-10-07_12-12-25,2026,1
GEO_SPHERE,BEAST2-Dev/beast-geo,v1.4.0,2026-08-18_22-06-11,2026-10-07_12-12-25,2026,65
GEO_SPHERE,BEAST2-Dev/beast-geo,v1.1.0,2026-08-18_22-06-11,2026-10-07_12-12-25,2026,1
GEO_SPHERE,BEAST2-Dev/beast-geo,v1.0.0,2026-08-18_22-06-11,2026-10-07_12-12-25,2026,1
BREAK_AWAY,rbouckaert/break-away,v1.2.0,2026-08-18_22-06-11,2026-10-07_12-12-25,2026,27
SSM,BEAST2-Dev/substmodels,v1.3.0,2026-08-18_22-06-11,2026-10-07_12-12-25,2026,2
SSM,BEAST2-Dev/substmodels,v1.2.0,2026-08-18_22-06-11,2026-10-07_12-12-25,2026,1
SSM,BEAST2-Dev/substmodels,v1.2.0,2026-08-18_22-06-11,2026-10-07_12-12-25,2026,97
SSM,BEAST2-Dev/substmodels,v1.0.1,2026-08-18_22-06-11,2026-10-07_12-12-25,2026,1
MGSM,BEAST2-Dev/MGSM,v0.4.0,2026-08-18_22-06-11,2026-10-07_12-12-25,2026,19
MGSM,BEAST2-Dev/MGSM,v0.2.0,2026-08-18_22-06-11,2026-10-07_12-12-25,2026,1
SA,CompEvol/sampled-ancestors,v2.3.0-beta2,2026-08-18_22-06-11,2026-10-07_12-12-25,2026,11
SA,CompEvol/sampled-ancestors,v2.2.0,2026-08-18_22-06-11,2026-10-07_12-12-25,2026,3
SA,CompEvol/sampled-ancestors,v2.1.1,2026-08-18_22-06-11,2026-10-07_12-12-25,2026,906
SA,CompEvol/sampled-ancestors,v2.1.0,2026-08-18_22-06-11,2026-10-07_12-12-25,2026,12
SA,CompEvol/sampled-ancestors,v2.0.2,2026-08-18_22-06-11,2026-10-07_12-12-25,2026,41
SA,CompEvol/sampled-ancestors,v2.0.1,2026-08-18_22-06-11,2026-10-07_12-12-25,2026,57
SA,CompEvol/sampled-ancestors,2.0.0,2026-08-18_22-06-11,2026-10-07_12-12-25,2026,1
SA,CompEvol/sampled-ancestors,v1.1.7,2026-08-18_22-06-11,2026-10-07_12-12-25,2026,3
BDSKY,BEAST2-Dev/bdsky,v1.5.1,2026-08-18_22-06-11,2026-10-07_12-12-25,2026,203
BDSKY,BEAST2-Dev/bdsky,v1.4.8,2026-08-18_22-06-11,2026-10-07_12-12-25,2026,50
BDSKY,BEAST2-Dev/bdsky,v1.5.0,2026-08-18_22-06-11,2026-10-07_12-12-25,2026,13
BDSKY,BEAST2-Dev/bdsky,v1.4.7,2026-08-18_22-06-11,2026-10-07_12-12-25,2026,1
BDSKY,BEAST2-Dev/bdsky,v1.4.6,2026-08-18_22-06-11,2026-10-07_12-12-25,2026,1
BDSKY,BEAST2-Dev/bdsky,1.4.5,2026-08-18_22-06-11,2026-10-07_12-12-25,2026,1
BDSKY,BEAST2-Dev/bdsky,1.3.3,2026-08-18_22-06-11,2026-10-07_12-12-25,2026,1
feast,tgvaughan/feast,v11.0.1,2026-08-18_22-06-11,2026-10-07_12-12-25,2026,6
feast,tgvaughan/feast,v10.6.1,2026-08-18_22-06-11,2026-10-07_12-12-25,2026,270
feast,tgvaughan/feast,v10.5.0,2026-08-18_22-06-11,2026-10-07_12-12-25,2026,1
feast,tgvaughan/feast,v9.8.5,2026-08-18_22-06-11,2026-10-07_12-12-25,2026,1
feast,tgvaughan/feast,v8.4.0,2026-08-18_22-06-11,2026-10-07_12-12-25,2026,165
feast,tgvaughan/feast,v9.3.1,2026-08-18_22-06-11,2026-10-07_12-12-25,2026,1
feast,tgvaughan/feast,v9.2.1,2026-08-18_22-06-11,2026-10-07_12-12-25,2026,1
feast,tgvaughan/feast,v9.1.0,2026-08-18_22-06-11,2026-10-07_12-12-25,2026,1
feast,tgvaughan/feast,v9.0.0,2026-08-18_22-06-11,2026-10-07_12-12-25,2026,1
feast,tgvaughan/feast,v8.0.0,2026-08-18_22-06-11,2026-10-07_12-12-25,2026,6
feast,tgvaughan/feast,v7.15.0,2026-08-18_22-06-11,2026-10-07_12-12-25,2026,1
feast,tgvaughan/feast,v7.11.0,2026-08-18_22-06-11,2026-10-07_12-12-25,2026,9
feast,tgvaughan/feast,v7.5.2,2026-08-18_22-06-11,2026-10-07_12-12-25,2026,2
feast,tgvaughan/feast,v7.5.0,2026-08-18_22-06-11,2026-10-07_12-12-25,2026,1
feast,tgvaughan/feast,v7.3.0,2026-08-18_22-06-11,2026-10-07_12-12-25,2026,6
feast,tgvaughan/feast,v7.2.1,2026-08-18_22-06-11,2026-10-07_12-12-25,2026,1
feast,tgvaughan/feast,v7.2.0,2026-08-18_22-06-11,2026-10-07_12-12-25,2026,1
feast,tgvaughan/feast,v7.1.0,2026-08-18_22-06-11,2026-10-07_12-12-25,2026,2
feast,tgvaughan/feast,v7.0.0,2026-08-18_22-06-11,2026-10-07_12-12-25,2026,1
feast,tgvaughan/feast,v6.0.0,2026-08-18_22-06-11,2026-10-07_12-12-25,2026,2
feast,tgvaughan/feast,v5.0.0,2026-08-18_22-06-11,2026-10-07_12-12-25,2026,1
feast,tgvaughan/feast,v1.8.1,2026-08-18_22-06-11,2026-10-07_12-12-25,2026,1
feast,tgvaughan/feast,v1.8.1,2026-08-18_22-06-11,2026-10-07_12-12-25,2026,1
feast,tgvaughan/feast,v1.3.0,2026-08-18_22-06-11,2026-10-07_12-12-25,2026,1
TiDeTree,seidels/tidetree,v1.0.1,2026-08-18_22-06-11,2026-10-07_12-12-25,2026,82
TiDeTree,seidels/tidetree,v1.0.0,2026-08-18_22-06-11,2026-10-07_12-12-25,2026,1
MultiTypeTree,tgvaughan/MultiTypeTree,v8.3.0,2026-08-18_22-06-11,2026-10-07_12-12-25,2026,55
MultiTypeTree,tgvaughan/MultiTypeTree,v8.0.0,2026-08-18_22-06-11,2026-10-07_12-12-25,2026,1
MultiTypeTree,tgvaughan/MultiTypeTree,v7.0.2,2026-08-18_22-06-11,2026-10-07_12-12-25,2026,71
MultiTypeTree,tgvaughan/MultiTypeTree,v7.0.1,2026-08-18_22-06-11,2026-10-07_12-12-25,2026,44
MultiTypeTree,tgvaughan/MultiTypeTree,v7.0.0,2026-08-18_22-06-11,2026-10-07_12-12-25,2026,73
MultiTypeTree,tgvaughan/MultiTypeTree,v6.3.1,2026-08-18_22-06-11,2026-10-07_12-12-25,2026,13
MASTER,tgvaughan/MASTER,v7.0.0,2026-08-18_22-06-11,2026-10-07_12-12-25,2026,42
MASTER,tgvaughan/MASTER,v6.1.2,2026-08-18_22-06-11,2026-10-07_12-12-25,2026,118
MASTER,tgvaughan/MASTER,v6.1.1,2026-08-18_22-06-11,2026-10-07_12-12-25,2026,43
MASTER,tgvaughan/MASTER,v6.1.0,2026-08-18_22-06-11,2026-10-07_12-12-25,2026,67
MASTER,tgvaughan/MASTER,v6.0.0,2026-08-18_22-06-11,2026-10-07_12-12-25,2026,2
MASTER,tgvaughan/MASTER,v5.1.1,2026-08-18_22-06-11,2026-10-07_12-12-25,2026,14
MASTER,tgvaughan/MASTER,v5.0.2,2026-08-18_22-06-11,2026-10-07_12-12-25,2026,2
ReMASTER,tgvaughan/remaster,v3.0.1,2026-08-18_22-06-11,2026-10-07_12-12-25,2026,2
ReMASTER,tgvaughan/remaster,v2.7.4,2026-08-18_22-06-11,2026-10-07_12-12-25,2026,40
Mascot,nicfel/Mascot,v3.1.0-beta1,2026-08-18_22-06-11,2026-10-07_12-12-25,2026,2
Mascot,nicfel/Mascot,v3.0.8,2026-08-18_22-06-11,2026-10-07_12-12-25,2026,5
Mascot,nicfel/Mascot,v3.0.7,2026-08-18_22-06-11,2026-10-07_12-12-25,2026,84
Mascot,nicfel/Mascot,v3.0.6,2026-08-18_22-06-11,2026-10-07_12-12-25,2026,3
Mascot,nicfel/Mascot,v3.0.4,2026-08-18_22-06-11,2026-10-07_12-12-25,2026,1
Mascot,nicfel/Mascot,v3.0.3,2026-08-18_22-06-11,2026-10-07_12-12-25,2026,1
Mascot,nicfel/Mascot,v3.0.2,2026-08-18_22-06-11,2026-10-07_12-12-25,2026,2
Mascot,nicfel/Mascot,v3.0.1,2026-08-18_22-06-11,2026-10-07_12-12-25,2026,1
Mascot,nicfel/Mascot,v3.0.0,2026-08-18_22-06-11,2026-10-07_12-12-25,2026,2
Mascot,nicfel/Mascot,v2.1.1,2026-08-18_22-06-11,2026-10-07_12-12-25,2026,1
Mascot,nicfel/Mascot,v0.0.5,2026-08-18_22-06-11,2026-10-07_12-12-25,2026,1
Mascot,nicfel/Mascot,v0.0.4,2026-08-18_22-06-11,2026-10-07_12-12-25,2026,1
Recombination,nicfel/Recombination,v1.0.1,2026-08-18_22-06-11,2026-10-07_12-12-25,2026,23
Recombination,nicfel/Recombination,v1.0.0,2026-08-18_22-06-11,2026-10-07_12-12-25,2026,1
CoalRe,nicfel/CoalRe,v3.0.3,2026-08-18_22-06-11,2026-10-07_12-12-25,2026,3
CoalRe,nicfel/CoalRe,v1.0.4,2026-08-18_22-06-11,2026-10-07_12-12-25,2026,25
CoalRe,nicfel/CoalRe,v1.0.3,2026-08-18_22-06-11,2026-10-07_12-12-25,2026,1
CoalRe,nicfel/CoalRe,v1.0.2,2026-08-18_22-06-11,2026-10-07_12-12-25,2026,1
CoalRe,nicfel/CoalRe,v1.0.1,2026-08-18_22-06-11,2026-10-07_12-12-25,2026,1
CoalRe,nicfel/CoalRe,v1.0.0,2026-08-18_22-06-11,2026-10-07_12-12-25,2026,1
CoalRe,nicfel/CoalRe,v0.0.5,2026-08-18_22-06-11,2026-10-07_12-12-25,2026,1
CoalRe,nicfel/CoalRe,v0.0.3,2026-08-18_22-06-11,2026-10-07_12-12-25,2026,1
CoalRe,nicfel/CoalRe,v0.0.2,2026-08-18_22-06-11,2026-10-07_12-12-25,2026,1
CodonSubstModels,BEAST2-Dev/codonsubstmodels,v2.0.0,2026-08-18_22-06-11,2026-10-07_12-12-25,2026,55
timtam,aezarebski/timtam2,v0.4.0,2026-08-18_22-06-11,2026-10-07_12-12-25,2026,17
timtam,aezarebski/timtam2,v0.3.1,2026-08-18_22-06-11,2026-10-07_12-12-25,2026,3
timtam,aezarebski/timtam2,v0.3.0,2026-08-18_22-06-11,2026-10-07_12-12-25,2026,2
timtam,aezarebski/timtam2,v0.1.0,2026-08-18_22-06-11,2026-10-07_12-12-25,2026,2
BEASTvntr,arjun-1/BEASTvntr,v0.2.0,2026-08-18_22-06-11,2026-10-07_12-12-25,2026,18
BEASTvntr,arjun-1/BEASTvntr,v0.1.1,2026-08-18_22-06-11,2026-10-07_12-12-25,2026,1
PIQMEE,boskovav/piqmee,v1.1.0,2026-08-18_22-06-11,2026-10-07_12-12-25,2026,27
EpiInf,tgvaughan/epiinf,v8.0.1,2026-08-18_22-06-11,2026-10-07_12-12-25,2026,1
EpiInf,tgvaughan/epiinf,v8.0.0,2026-08-18_22-06-11,2026-10-07_12-12-25,2026,28
EpiInf,tgvaughan/epiinf,v7.5.2,2026-08-18_22-06-11,2026-10-07_12-12-25,2026,41
EpiInf,tgvaughan/epiinf,v7.5.1,2026-08-18_22-06-11,2026-10-07_12-12-25,2026,5
EpiInf,tgvaughan/epiinf,v7.5.0,2026-08-18_22-06-11,2026-10-07_12-12-25,2026,2
EpiInf,tgvaughan/epiinf,v7.4.0,2026-08-18_22-06-11,2026-10-07_12-12-25,2026,2
EpiInf,tgvaughan/epiinf,v7.3.0,2026-08-18_22-06-11,2026-10-07_12-12-25,2026,3
EpiInf,tgvaughan/epiinf,v7.2.0,2026-08-18_22-06-11,2026-10-07_12-12-25,2026,3
EpiInf,tgvaughan/epiinf,v7.1.5,2026-08-18_22-06-11,2026-10-07_12-12-25,2026,7
EpiInf,tgvaughan/epiinf,v7.1.4,2026-08-18_22-06-11,2026-10-07_12-12-25,2026,3
EpiInf,tgvaughan/epiinf,v7.1.3,2026-08-18_22-06-11,2026-10-07_12-12-25,2026,2
EpiInf,tgvaughan/epiinf,v7.1.2,2026-08-18_22-06-11,2026-10-07_12-12-25,2026,2
EpiInf,tgvaughan/epiinf,v7.1.1,2026-08-18_22-06-11,2026-10-07_12-12-25,2026,11
EpiInf,tgvaughan/epiinf,v7.1.0,2026-08-18_22-06-11,2026-10-07_12-12-25,2026,3
EpiInf,tgvaughan/epiinf,v7.0.2,2026-08-18_22-06-11,2026-10-07_12-12-25,2026,3
EpiInf,tgvaughan/epiinf,v7.0.1,2026-08-18_22-06-11,2026-10-07_12-12-25,2026,2
EpiInf,tgvaughan/epiinf,v7.0.0,2026-08-18_22-06-11,2026-10-07_12-12-25,2026,8
EpiInf,tgvaughan/epiinf,v6.0.0,2026-08-18_22-06-11,2026-10-07_12-12-25,2026,4
EpiInf,tgvaughan/epiinf,v5.0.1,2026-08-18_22-06-11,2026-10-07_12-12-25,2026,3
EpiInf,tgvaughan/epiinf,v5.0.0,2026-08-18_22-06-11,2026-10-07_12-12-25,2026,1
EpiInf,tgvaughan/epiinf,v4.0.1,2026-08-18_22-06-11,2026-10-07_12-12-25,2026,1
EpiInf,tgvaughan/epiinf,v4.0.0,2026-08-18_22-06-11,2026-10-07_12-12-25,2026,1
EpiInf,tgvaughan/epiinf,v3.2.1,2026-08-18_22-06-11,2026-10-07_12-12-25,2026,1
EpiInf,tgvaughan/epiinf,v3.2.0,2026-08-18_22-06-11,2026-10-07_12-12-25,2026,1
EpiInf,tgvaughan/epiinf,v3.1.0,2026-08-18_22-06-11,2026-10-07_12-12-25,2026,1
EpiInf,tgvaughan/epiinf,v3.0.0,2026-08-18_22-06-11,2026-10-07_12-12-25,2026,1
EpiInf,tgvaughan/epiinf,v2.1.0,2026-08-18_22-06-11,2026-10-07_12-12-25,2026,1
EpiInf,tgvaughan/epiinf,v2.0.0,2026-08-18_22-06-11,2026-10-07_12-12-25,2026,1
FastRelaxedClockLogNormal,Rong419/ConstantDistanceOperator,v1.2.0,2026-08-18_22-06-11,2026-10-07_12-12-25,2026,49
FastRelaxedClockLogNormal,Rong419/ConstantDistanceOperator,v1.1.0,2026-08-18_22-06-11,2026-10-07_12-12-25,2026,3
FastRelaxedClockLogNormal,Rong419/ConstantDistanceOperator,v0.0.3,2026-08-18_22-06-11,2026-10-07_12-12-25,2026,1
FastRelaxedClockLogNormal,Rong419/ConstantDistanceOperator,v0.0.2,2026-08-18_22-06-11,2026-10-07_12-12-25,2026,1
bacter,tgvaughan/bacter,v3.0.1,2026-08-18_22-06-11,2026-10-07_12-12-25,2026,22
bacter,tgvaughan/bacter,v2.2.5,2026-08-18_22-06-11,2026-10-07_12-12-25,2026,3
bacter,tgvaughan/bacter,v2.0.0,2026-08-18_22-06-11,2026-10-07_12-12-25,2026,1
bacter,tgvaughan/bacter,v1.2.3,2026-08-18_22-06-11,2026-10-07_12-12-25,2026,1
StarBEAST2,genomescale/starbeast2,v1.0.0,2026-08-18_22-06-11,2026-10-07_12-12-25,2026,68
StarBEAST2,genomescale/starbeast2,v0.15.5,2026-08-18_22-06-11,2026-10-07_12-12-25,2026,3
StarBEAST2,genomescale/starbeast2,v0.15.0,2026-08-18_22-06-11,2026-10-07_12-12-25,2026,1
StarBEAST2,genomescale/starbeast2,v0.14.1,2026-08-18_22-06-11,2026-10-07_12-12-25,2026,1
StarBEAST2,genomescale/starbeast2,v0.14.0,2026-08-18_22-06-11,2026-10-07_12-12-25,2026,6
StarBEAST2,genomescale/starbeast2,v0.13.5,2026-08-18_22-06-11,2026-10-07_12-12-25,2026,21
StarBEAST2,genomescale/starbeast2,v0.13.4,2026-08-18_22-06-11,2026-10-07_12-12-25,2026,4
StarBEAST2,genomescale/starbeast2,v0.13.3,2026-08-18_22-06-11,2026-10-07_12-12-25,2026,7
StarBEAST2,genomescale/starbeast2,v0.13.2,2026-08-18_22-06-11,2026-10-07_12-12-25,2026,5
StarBEAST2,genomescale/starbeast2,v0.13.1,2026-08-18_22-06-11,2026-10-07_12-12-25,2026,4
StarBEAST2,genomescale/starbeast2,v0.13.0,2026-08-18_22-06-11,2026-10-07_12-12-25,2026,4
StarBEAST2,genomescale/starbeast2,v0.12.1,2026-08-18_22-06-11,2026-10-07_12-12-25,2026,13
StarBEAST2,genomescale/starbeast2,v0.12.0,2026-08-18_22-06-11,2026-10-07_12-12-25,2026,3
StarBEAST2,genomescale/starbeast2,v0.11.0,2026-08-18_22-06-11,2026-10-07_12-12-25,2026,4
StarBEAST2,genomescale/starbeast2,v0.10.0,2026-08-18_22-06-11,2026-10-07_12-12-25,2026,2
bdtree,fkmendes/bdtree,v.0.0.2,2026-08-18_22-06-11,2026-10-07_12-12-25,2026,24
bdtree,fkmendes/bdtree,v0.0.1,2026-08-18_22-06-11,2026-10-07_12-12-25,2026,1
bdmm,denisekuehnert/bdmm,v2.0.0,2026-08-18_22-06-11,2026-10-07_12-12-25,2026,32
bdmm,denisekuehnert/bdmm,v1.0.2,2026-08-18_22-06-11,2026-10-07_12-12-25,2026,34
bdmm,denisekuehnert/bdmm,0.3.3,2026-08-18_22-06-11,2026-10-07_12-12-25,2026,39
bdmm,denisekuehnert/bdmm,0.2.0,2026-08-18_22-06-11,2026-10-07_12-12-25,2026,14
PhyDyn,mrc-ide/PhyDyn,v1.4.0,2026-08-18_22-06-11,2026-10-07_12-12-25,2026,33
PhyDyn,mrc-ide/PhyDyn,v1.3.8,2026-08-18_22-06-11,2026-10-07_12-12-25,2026,1
PhyDyn,mrc-ide/PhyDyn,v1.2.1,2026-08-18_22-06-11,2026-10-07_12-12-25,2026,1
CA,BEAST2-Dev/cladeage,v2.1.0,2026-08-18_22-06-11,2026-10-07_12-12-25,2026,31
CA,BEAST2-Dev/cladeage,v1.2.0,2026-08-18_22-06-11,2026-10-07_12-12-25,2026,1
phylodynamics,BEAST2-Dev/phylodynamics,v1.5.0,2026-08-18_22-06-11,2026-10-07_12-12-25,2026,55
phylodynamics,BEAST2-Dev/phylodynamics,v1.4.0,2026-08-18_22-06-11,2026-10-07_12-12-25,2026,1
phylodynamics,BEAST2-Dev/phylodynamics,1.2.0,2026-08-18_22-06-11,2026-10-07_12-12-25,2026,1
PopFunc,LinguaPhylo/PopFunc,v0.0.1,2026-08-18_22-06-11,2026-10-07_12-12-25,2026,22
phylonco,bioDS/beast-phylonco,v1.2.1-patch,2026-08-18_22-06-11,2026-10-07_12-12-25,2026,24
phylonco,bioDS/beast-phylonco,v1.2.1,2026-08-18_22-06-11,2026-10-07_12-12-25,2026,3
phylonco,bioDS/beast-phylonco,v1.2.1,2026-08-18_22-06-11,2026-10-07_12-12-25,2026,16
phylonco,bioDS/beast-phylonco,v1.2.0,2026-08-18_22-06-11,2026-10-07_12-12-25,2026,2
phylonco,bioDS/beast-phylonco,v1.2.0,2026-08-18_22-06-11,2026-10-07_12-12-25,2026,1
phylonco,bioDS/beast-phylonco,v1.0.1,2026-08-18_22-06-11,2026-10-07_12-12-25,2026,1
phylonco,bioDS/beast-phylonco,v1.0.0,2026-08-18_22-06-11,2026-10-07_12-12-25,2026,3
phylonco,bioDS/beast-phylonco,v0.0.7-pre,2026-08-18_22-06-11,2026-10-07_12-12-25,2026,22
phylonco,bioDS/beast-phylonco,v0.0.5-pre,2026-08-18_22-06-11,2026-10-07_12-12-25,2026,2
lphybeast,LinguaPhylo/LPhyBeast,1.3.0,2026-08-18_22-06-11,2026-10-07_12-12-25,2026,19
lphybeast,LinguaPhylo/LPhyBeast,1.2.1,2026-08-18_22-06-11,2026-10-07_12-12-25,2026,3
lphybeast,LinguaPhylo/LPhyBeast,1.2.0,2026-08-18_22-06-11,2026-10-07_12-12-25,2026,20
contacTrees,NicoNeureiter/contacTrees,v2.0.0,2026-08-18_22-06-11,2026-10-07_12-12-25,2026,2
contacTrees,NicoNeureiter/contacTrees,v1.2.0,2026-08-18_22-06-11,2026-10-07_12-12-25,2026,23
FixedTreeAnalysis,rbouckaert/FixedTreeAnalysis,v0.0.2,2026-08-18_22-06-11,2026-10-07_12-12-25,2026,84
CCD,CompEvol/CCD,v1.2.0,2026-08-18_22-06-11,2026-10-07_12-12-25,2026,15
CCD,CompEvol/CCD,v1.1.0,2026-08-18_22-06-11,2026-10-07_12-12-25,2026,1
CCD,CompEvol/CCD,v1.0.4,2026-08-18_22-06-11,2026-10-07_12-12-25,2026,2
CCD,CompEvol/CCD,v1.0.3,2026-08-18_22-06-11,2026-10-07_12-12-25,2026,631
CCD,CompEvol/CCD,v1.0.0,2026-08-18_22-06-11,2026-10-07_12-12-25,2026,1
CCD,CompEvol/CCD,v0.0.1,2026-08-18_22-06-11,2026-10-07_12-12-25,2026,6
FLC,4ment/flc,v1.2.0,2026-08-18_22-06-11,2026-10-07_12-12-25,2026,32
FLC,4ment/flc,v1.0.0,2026-08-18_22-06-11,2026-10-07_12-12-25,2026,1
CubeVB,rbouckaert/cubevb,v1.0.0,2026-08-18_22-06-11,2026-10-07_12-12-25,2026,18
FreeRateModel,BEAST2-Dev/FreeRateModel,v1.0.0,2026-08-18_22-06-11,2026-10-07_12-12-25,2026,43
BDMM-Prime,tgvaughan/BDMM-Prime,v2.7.2,2026-08-18_22-06-11,2026-10-07_12-12-25,2026,129
BDMM-Prime,tgvaughan/BDMM-Prime,v3.0.0,2026-08-18_22-06-11,2026-10-07_12-12-25,2026,3
BDMM-Prime,tgvaughan/BDMM-Prime,v2.7.0,2026-08-18_22-06-11,2026-10-07_12-12-25,2026,4
BDMM-Prime,tgvaughan/BDMM-Prime,v2.6.3,2026-08-18_22-06-11,2026-10-07_12-12-25,2026,2
BDMM-Prime,tgvaughan/BDMM-Prime,v2.5.0,2026-08-18_22-06-11,2026-10-07_12-12-25,2026,2
BDMM-Prime,tgvaughan/BDMM-Prime,v2.4.1,2026-08-18_22-06-11,2026-10-07_12-12-25,2026,1
BDMM-Prime,tgvaughan/BDMM-Prime,v2.4.0,2026-08-18_22-06-11,2026-10-07_12-12-25,2026,1
BDMM-Prime,tgvaughan/BDMM-Prime,v2.3.0,2026-08-18_22-06-11,2026-10-07_12-12-25,2026,1
BDMM-Prime,tgvaughan/BDMM-Prime,v2.2.4,2026-08-18_22-06-11,2026-10-07_12-12-25,2026,1
BDMM-Prime,tgvaughan/BDMM-Prime,v2.2.3,2026-08-18_22-06-11,2026-10-07_12-12-25,2026,1
BDMM-Prime,tgvaughan/BDMM-Prime,v2.2.2,2026-08-18_22-06-11,2026-10-07_12-12-25,2026,1
BDMM-Prime,tgvaughan/BDMM-Prime,v2.2.1,2026-08-18_22-06-11,2026-10-07_12-12-25,2026,1
BDMM-Prime,tgvaughan/BDMM-Prime,v2.2.0,2026-08-18_22-06-11,2026-10-07_12-12-25,2026,1
BDMM-Prime,tgvaughan/BDMM-Prime,v2.1.0,2026-08-18_22-06-11,2026-10-07_12-12-25,2026,2
BDMM-Prime,tgvaughan/BDMM-Prime,v2.0.1,2026-08-18_22-06-11,2026-10-07_12-12-25,2026,2
BDMM-Prime,tgvaughan/BDMM-Prime,v2.0.0,2026-08-18_22-06-11,2026-10-07_12-12-25,2026,3
BDMM-Prime,tgvaughan/BDMM-Prime,v0.0.33,2026-08-18_22-06-11,2026-10-07_12-12-25,2026,2
BDMM-Prime,tgvaughan/BDMM-Prime,v0.0.32,2026-08-18_22-06-11,2026-10-07_12-12-25,2026,1
BDMM-Prime,tgvaughan/BDMM-Prime,v0.0.30,2026-08-18_22-06-11,2026-10-07_12-12-25,2026,6
BDMM-Prime,tgvaughan/BDMM-Prime,v0.0.29,2026-08-18_22-06-11,2026-10-07_12-12-25,2026,1
BDMM-Prime,tgvaughan/BDMM-Prime,v0.0.28,2026-08-18_22-06-11,2026-10-07_12-12-25,2026,1
BDMM-Prime,tgvaughan/BDMM-Prime,v0.0.27,2026-08-18_22-06-11,2026-10-07_12-12-25,2026,6
BDMM-Prime,tgvaughan/BDMM-Prime,v0.0.26,2026-08-18_22-06-11,2026-10-07_12-12-25,2026,1
BDMM-Prime,tgvaughan/BDMM-Prime,v0.0.25,2026-08-18_22-06-11,2026-10-07_12-12-25,2026,1
BDMM-Prime,tgvaughan/BDMM-Prime,v0.0.24,2026-08-18_22-06-11,2026-10-07_12-12-25,2026,1
BDMM-Prime,tgvaughan/BDMM-Prime,v0.0.23,2026-08-18_22-06-11,2026-10-07_12-12-25,2026,1
BDMM-Prime,tgvaughan/BDMM-Prime,v0.0.22,2026-08-18_22-06-11,2026-10-07_12-12-25,2026,1
BDMM-Prime,tgvaughan/BDMM-Prime,v0.0.21,2026-08-18_22-06-11,2026-10-07_12-12-25,2026,1
BDMM-Prime,tgvaughan/BDMM-Prime,v0.0.20,2026-08-18_22-06-11,2026-10-07_12-12-25,2026,1
BDMM-Prime,tgvaughan/BDMM-Prime,v0.0.19,2026-08-18_22-06-11,2026-10-07_12-12-25,2026,1
BDMM-Prime,tgvaughan/BDMM-Prime,v0.0.18,2026-08-18_22-06-11,2026-10-07_12-12-25,2026,1
BDMM-Prime,tgvaughan/BDMM-Prime,v0.0.17,2026-08-18_22-06-11,2026-10-07_12-12-25,2026,1
BDMM-Prime,tgvaughan/BDMM-Prime,v0.0.16,2026-08-18_22-06-11,2026-10-07_12-12-25,2026,1
BDMM-Prime,tgvaughan/BDMM-Prime,v0.0.15,2026-08-18_22-06-11,2026-10-07_12-12-25,2026,1
BDMM-Prime,tgvaughan/BDMM-Prime,v0.0.14,2026-08-18_22-06-11,2026-10-07_12-12-25,2026,1
BDMM-Prime,tgvaughan/BDMM-Prime,v0.0.13,2026-08-18_22-06-11,2026-10-07_12-12-25,2026,1
BDMM-Prime,tgvaughan/BDMM-Prime,v0.0.12,2026-08-18_22-06-11,2026-10-07_12-12-25,2026,1
ASM,rbouckaert/asm,v0.0.1,2026-08-18_22-06-11,2026-10-07_12-12-25,2026,31
AlmostDistributions,rbouckaert/AlmostDistributions,v0.2.0,2026-08-18_22-06-11,2026-10-07_12-12-25,2026,1
AlmostDistributions,rbouckaert/AlmostDistributions,v0.2.0,2026-08-18_22-06-11,2026-10-07_12-12-25,2026,11
AlmostDistributions,rbouckaert/AlmostDistributions,v0.1.1,2026-08-18_22-06-11,2026-10-07_12-12-25,2026,2
Experimenter,christiaanjs/beast-validation,v0.2.0,2026-08-18_22-06-11,2026-10-07_12-12-25,2026,5
IndelDollo,jordandouglas/IndelDollo,0.0.1,2026-08-18_22-06-11,2026-10-07_12-12-25,2026,1
CorrelatedTrait,rbouckaert/CorrelatedTrait,v0.0.5,2026-08-18_22-06-11,2026-10-07_12-12-25,2026,1
HetMM,jordandouglas/HetMM,v0.0.1,2026-08-18_22-06-11,2026-10-07_12-12-25,2026,1
beastmap,jordandouglas/BeastMap,v0.0.3,2026-08-18_22-06-11,2026-10-07_12-12-25,2026,6
FoldBeast,jordandouglas/FoldBeast,v0.0.2,2026-08-18_22-06-11,2026-10-07_12-12-25,2026,5
BREATH,rbouckaert/transmission,v0.0.7,2026-08-18_22-06-11,2026-10-07_12-12-25,2026,18
BREATH,rbouckaert/transmission,v0.0.6,2026-08-18_22-06-11,2026-10-07_12-12-25,2026,3
BREATH,rbouckaert/transmission,v0.0.1,2026-08-18_22-06-11,2026-10-07_12-12-25,2026,3
5rf,rbouckaert/5rf,v0.0.1,2026-08-18_22-06-11,2026-10-07_12-12-25,2026,6
RBS,BEAST2-Dev/rb-beast,v1.5.0,2026-08-18_22-06-11,2026-10-07_12-12-25,2026,4
RBS,BEAST2-Dev/rb-beast,v1.3.0,2026-08-18_22-06-11,2026-10-07_12-12-25,2026,1
rootfreqs,rbouckaert/rootfreqs,v0.0.2,2026-08-18_22-06-11,2026-10-07_12-12-25,2026,21
EpochClockModel,rbouckaert/EpochClockModel,v0.0.2,2026-08-18_22-06-11,2026-10-07_12-12-25,2026,4
TyCHE,hoehnlab/tyche,v0.0.11,2026-08-18_22-06-11,2026-10-07_12-12-25,2026,13
TyCHE,hoehnlab/tyche,v0.0.10,2026-08-18_22-06-11,2026-10-07_12-12-25,2026,15
TyCHE,hoehnlab/tyche,v0.0.9,2026-08-18_22-06-11,2026-10-07_12-12-25,2026,4
TyCHE,hoehnlab/tyche,v0.0.8,2026-08-18_22-06-11,2026-10-07_12-12-25,2026,4
TyCHE,hoehnlab/tyche,v0.0.7,2026-08-18_22-06-11,2026-10-07_12-12-25,2026,4
TyCHE,hoehnlab/tyche,v0.0.6,2026-08-18_22-06-11,2026-10-07_12-12-25,2026,4
TyCHE,hoehnlab/tyche,v0.0.5,2026-08-18_22-06-11,2026-10-07_12-12-25,2026,4
TyCHE,hoehnlab/tyche,v0.0.3,2026-08-18_22-06-11,2026-10-07_12-12-25,2026,4
TargetedBeast,nicfel/targetedbeast,v2.0.0,2026-08-18_22-06-11,2026-10-07_12-12-25,2026,9
TargetedBeast,nicfel/targetedbeast,v1.1.0,2026-08-18_22-06-11,2026-10-07_12-12-25,2026,5
TargetedBeast,nicfel/targetedbeast,v.1.0.0_includingbug,2026-08-18_22-06-11,2026-10-07_12-12-25,2026,4
BEAST2Lang,CompEvol/beast2lang,0.0.1,2026-08-18_22-06-11,2026-10-07_12-12-25,2026,3
BEASTBooster,rbouckaert/beastbooster,v0.0.2,2026-08-18_22-06-11,2026-10-07_12-12-25,2026,10
BEASTBooster,rbouckaert/beastbooster,v0.0.1,2026-08-18_22-06-11,2026-10-07_12-12-25,2026,1
online,rbouckaert/online,v0.0.2,2026-08-18_22-06-11,2026-10-07_12-12-25,2026,3
online,rbouckaert/online,v0.0.1,2026-08-18_22-06-11,2026-10-07_12-12-25,2026,2
